neighborhood,occur_year,occur_count
Adair Park,2009,162
Adair Park,2010,239
Adair Park,2011,211
Adair Park,2012,172
Adair Park,2013,158
Adair Park,2014,166
Adair Park,2015,194
Adair Park,2016,170
Adair Park,2017,169
Adair Park,2018,197
Adair Park,2019,166
Adair Park,2020,110
Adair Park,2021,123
Adair Park,2022,25
Adams Park,2009,182
Adams Park,2010,195
Adams Park,2011,157
Adams Park,2012,129
Adams Park,2013,124
Adams Park,2014,138
Adams Park,2015,138
Adams Park,2016,164
Adams Park,2017,93
Adams Park,2018,97
Adams Park,2019,84
Adams Park,2020,55
Adams Park,2021,53
Adams Park,2022,21
Adamsville,2009,266
Adamsville,2010,269
Adamsville,2011,289
Adamsville,2012,239
Adamsville,2013,234
Adamsville,2014,234
Adamsville,2015,295
Adamsville,2016,270
Adamsville,2017,208
Adamsville,2018,216
Adamsville,2019,266
Adamsville,2020,225
Adamsville,2021,161
Adamsville,2022,33
Almond Park,2009,124
Almond Park,2010,127
Almond Park,2011,87
Almond Park,2012,103
Almond Park,2013,73
Almond Park,2014,72
Almond Park,2015,64
Almond Park,2016,61
Almond Park,2017,48
Almond Park,2018,46
Almond Park,2019,42
Almond Park,2020,36
Almond Park,2021,42
Almond Park,2022,5
Amal Heights,2009,68
Amal Heights,2010,53
Amal Heights,2011,33
Amal Heights,2012,35
Amal Heights,2013,40
Amal Heights,2014,35
Amal Heights,2015,36
Amal Heights,2016,17
Amal Heights,2017,23
Amal Heights,2018,18
Amal Heights,2019,12
Amal Heights,2020,13
Amal Heights,2021,7
Amal Heights,2022,4
Ansley Park,2009,99
Ansley Park,2010,78
Ansley Park,2011,58
Ansley Park,2012,54
Ansley Park,2013,58
Ansley Park,2014,85
Ansley Park,2015,72
Ansley Park,2016,86
Ansley Park,2017,63
Ansley Park,2018,54
Ansley Park,2019,40
Ansley Park,2020,32
Ansley Park,2021,30
Ansley Park,2022,4
Arden/Habersham,2009,5
Arden/Habersham,2010,5
Arden/Habersham,2011,6
Arden/Habersham,2012,12
Arden/Habersham,2013,2
Arden/Habersham,2014,6
Arden/Habersham,2015,4
Arden/Habersham,2016,6
Arden/Habersham,2017,7
Arden/Habersham,2018,3
Arden/Habersham,2019,1
Arden/Habersham,2020,2
Arden/Habersham,2021,1
Ardmore,2009,57
Ardmore,2010,63
Ardmore,2011,41
Ardmore,2012,49
Ardmore,2013,58
Ardmore,2014,56
Ardmore,2015,63
Ardmore,2016,63
Ardmore,2017,36
Ardmore,2018,72
Ardmore,2019,58
Ardmore,2020,58
Ardmore,2021,48
Ardmore,2022,10
Argonne Forest,2009,7
Argonne Forest,2010,7
Argonne Forest,2011,6
Argonne Forest,2012,7
Argonne Forest,2013,1
Argonne Forest,2014,8
Argonne Forest,2015,7
Argonne Forest,2016,6
Argonne Forest,2017,9
Argonne Forest,2018,7
Argonne Forest,2019,5
Argonne Forest,2020,1
Argonne Forest,2021,3
Argonne Forest,2022,1
Arlington Estates,2009,22
Arlington Estates,2010,53
Arlington Estates,2011,54
Arlington Estates,2012,16
Arlington Estates,2013,25
Arlington Estates,2014,32
Arlington Estates,2015,32
Arlington Estates,2016,28
Arlington Estates,2017,22
Arlington Estates,2018,27
Arlington Estates,2019,19
Arlington Estates,2020,14
Arlington Estates,2021,19
Arlington Estates,2022,3
Ashley Courts,2009,50
Ashley Courts,2010,57
Ashley Courts,2011,59
Ashley Courts,2012,51
Ashley Courts,2013,86
Ashley Courts,2014,38
Ashley Courts,2015,48
Ashley Courts,2016,42
Ashley Courts,2017,49
Ashley Courts,2018,39
Ashley Courts,2019,19
Ashley Courts,2020,45
Ashley Courts,2021,31
Ashley Courts,2022,2
Ashview Heights,2009,238
Ashview Heights,2010,253
Ashview Heights,2011,180
Ashview Heights,2012,222
Ashview Heights,2013,174
Ashview Heights,2014,176
Ashview Heights,2015,199
Ashview Heights,2016,170
Ashview Heights,2017,136
Ashview Heights,2018,115
Ashview Heights,2019,122
Ashview Heights,2020,87
Ashview Heights,2021,80
Ashview Heights,2022,15
Atkins Park,2009,23
Atkins Park,2010,17
Atkins Park,2011,13
Atkins Park,2012,11
Atkins Park,2013,12
Atkins Park,2014,12
Atkins Park,2015,9
Atkins Park,2016,12
Atkins Park,2017,5
Atkins Park,2018,6
Atkins Park,2019,8
Atkins Park,2020,8
Atkins Park,2021,10
Atkins Park,2022,2
Atlanta Industrial Park,2009,19
Atlanta Industrial Park,2010,9
Atlanta Industrial Park,2011,17
Atlanta Industrial Park,2012,19
Atlanta Industrial Park,2013,22
Atlanta Industrial Park,2014,23
Atlanta Industrial Park,2015,19
Atlanta Industrial Park,2016,24
Atlanta Industrial Park,2017,28
Atlanta Industrial Park,2018,9
Atlanta Industrial Park,2019,8
Atlanta Industrial Park,2020,7
Atlanta Industrial Park,2021,5
Atlanta Industrial Park,2022,3
Atlanta University Center,2009,225
Atlanta University Center,2010,180
Atlanta University Center,2011,210
Atlanta University Center,2012,195
Atlanta University Center,2013,153
Atlanta University Center,2014,231
Atlanta University Center,2015,171
Atlanta University Center,2016,176
Atlanta University Center,2017,116
Atlanta University Center,2018,83
Atlanta University Center,2019,92
Atlanta University Center,2020,54
Atlanta University Center,2021,83
Atlanta University Center,2022,29
Atlantic Station,2009,282
Atlantic Station,2010,357
Atlantic Station,2011,273
Atlantic Station,2012,329
Atlantic Station,2013,227
Atlantic Station,2014,251
Atlantic Station,2015,258
Atlantic Station,2016,282
Atlantic Station,2017,210
Atlantic Station,2018,279
Atlantic Station,2019,211
Atlantic Station,2020,176
Atlantic Station,2021,187
Atlantic Station,2022,45
Audobon Forest,2009,22
Audobon Forest,2010,29
Audobon Forest,2011,20
Audobon Forest,2012,15
Audobon Forest,2013,18
Audobon Forest,2014,12
Audobon Forest,2015,17
Audobon Forest,2016,17
Audobon Forest,2017,18
Audobon Forest,2018,12
Audobon Forest,2019,10
Audobon Forest,2020,4
Audobon Forest,2021,4
Audobon Forest,2022,2
Audobon Forest West,2009,13
Audobon Forest West,2010,12
Audobon Forest West,2011,7
Audobon Forest West,2012,2
Audobon Forest West,2013,8
Audobon Forest West,2014,13
Audobon Forest West,2015,6
Audobon Forest West,2016,8
Audobon Forest West,2017,7
Audobon Forest West,2018,9
Audobon Forest West,2019,4
Audobon Forest West,2020,1
Audobon Forest West,2021,2
Baker Hills,2009,50
Baker Hills,2010,36
Baker Hills,2011,41
Baker Hills,2012,29
Baker Hills,2013,23
Baker Hills,2014,22
Baker Hills,2015,22
Baker Hills,2016,28
Baker Hills,2017,30
Baker Hills,2018,27
Baker Hills,2019,16
Baker Hills,2020,20
Baker Hills,2021,7
Baker Hills,2022,1
Bakers Ferry,2009,8
Bakers Ferry,2010,9
Bakers Ferry,2011,7
Bakers Ferry,2012,14
Bakers Ferry,2013,8
Bakers Ferry,2014,10
Bakers Ferry,2015,9
Bakers Ferry,2016,5
Bakers Ferry,2017,5
Bakers Ferry,2018,8
Bakers Ferry,2019,5
Bakers Ferry,2020,5
Bakers Ferry,2021,2
Bankhead,2009,340
Bankhead,2010,309
Bankhead,2011,266
Bankhead,2012,269
Bankhead,2013,167
Bankhead,2014,170
Bankhead,2015,166
Bankhead,2016,177
Bankhead,2017,150
Bankhead,2018,117
Bankhead,2019,105
Bankhead,2020,114
Bankhead,2021,101
Bankhead,2022,28
Bankhead Courts,2009,12
Bankhead Courts,2010,3
Bankhead Courts,2011,6
Bankhead Courts,2012,2
Bankhead Courts,2013,3
Bankhead Courts,2015,1
Bankhead Courts,2016,3
Bankhead/Bolton,2009,49
Bankhead/Bolton,2010,51
Bankhead/Bolton,2011,39
Bankhead/Bolton,2012,32
Bankhead/Bolton,2013,25
Bankhead/Bolton,2014,36
Bankhead/Bolton,2015,18
Bankhead/Bolton,2016,25
Bankhead/Bolton,2017,24
Bankhead/Bolton,2018,19
Bankhead/Bolton,2019,32
Bankhead/Bolton,2020,17
Bankhead/Bolton,2021,35
Bankhead/Bolton,2022,13
Beecher Hills,2009,37
Beecher Hills,2010,53
Beecher Hills,2011,34
Beecher Hills,2012,29
Beecher Hills,2013,25
Beecher Hills,2014,35
Beecher Hills,2015,16
Beecher Hills,2016,21
Beecher Hills,2017,13
Beecher Hills,2018,14
Beecher Hills,2019,26
Beecher Hills,2020,13
Beecher Hills,2021,14
Beecher Hills,2022,2
Ben Hill,2009,81
Ben Hill,2010,88
Ben Hill,2011,72
Ben Hill,2012,61
Ben Hill,2013,89
Ben Hill,2014,70
Ben Hill,2015,77
Ben Hill,2016,79
Ben Hill,2017,34
Ben Hill,2018,50
Ben Hill,2019,48
Ben Hill,2020,32
Ben Hill,2021,29
Ben Hill,2022,10
Ben Hill Acres,2009,33
Ben Hill Acres,2010,19
Ben Hill Acres,2011,10
Ben Hill Acres,2012,16
Ben Hill Acres,2013,31
Ben Hill Acres,2014,27
Ben Hill Acres,2015,23
Ben Hill Acres,2016,32
Ben Hill Acres,2017,27
Ben Hill Acres,2018,20
Ben Hill Acres,2019,10
Ben Hill Acres,2020,13
Ben Hill Acres,2021,9
Ben Hill Acres,2022,4
Ben Hill Forest,2009,6
Ben Hill Forest,2010,9
Ben Hill Forest,2011,3
Ben Hill Forest,2012,6
Ben Hill Forest,2013,1
Ben Hill Forest,2014,3
Ben Hill Forest,2015,3
Ben Hill Forest,2016,3
Ben Hill Forest,2017,2
Ben Hill Forest,2018,3
Ben Hill Forest,2019,2
Ben Hill Forest,2020,1
Ben Hill Forest,2022,1
Ben Hill Pines,2009,18
Ben Hill Pines,2010,16
Ben Hill Pines,2011,16
Ben Hill Pines,2012,20
Ben Hill Pines,2013,23
Ben Hill Pines,2014,11
Ben Hill Pines,2015,15
Ben Hill Pines,2016,11
Ben Hill Pines,2017,7
Ben Hill Pines,2018,14
Ben Hill Pines,2019,6
Ben Hill Pines,2020,7
Ben Hill Pines,2022,1
Ben Hill Terrace,2009,50
Ben Hill Terrace,2010,44
Ben Hill Terrace,2011,48
Ben Hill Terrace,2012,33
Ben Hill Terrace,2013,28
Ben Hill Terrace,2014,36
Ben Hill Terrace,2015,56
Ben Hill Terrace,2016,39
Ben Hill Terrace,2017,32
Ben Hill Terrace,2018,28
Ben Hill Terrace,2019,30
Ben Hill Terrace,2020,28
Ben Hill Terrace,2021,41
Ben Hill Terrace,2022,8
Benteen Park,2009,99
Benteen Park,2010,81
Benteen Park,2011,40
Benteen Park,2012,34
Benteen Park,2013,68
Benteen Park,2014,53
Benteen Park,2015,42
Benteen Park,2016,47
Benteen Park,2017,40
Benteen Park,2018,38
Benteen Park,2019,37
Benteen Park,2020,39
Benteen Park,2021,25
Benteen Park,2022,12
Berkeley Park,2009,500
Berkeley Park,2010,454
Berkeley Park,2011,420
Berkeley Park,2012,487
Berkeley Park,2013,366
Berkeley Park,2014,397
Berkeley Park,2015,455
Berkeley Park,2016,394
Berkeley Park,2017,311
Berkeley Park,2018,502
Berkeley Park,2019,299
Berkeley Park,2020,239
Berkeley Park,2021,279
Berkeley Park,2022,41
Betmar LaVilla,2009,56
Betmar LaVilla,2010,46
Betmar LaVilla,2011,44
Betmar LaVilla,2012,30
Betmar LaVilla,2013,38
Betmar LaVilla,2014,49
Betmar LaVilla,2015,35
Betmar LaVilla,2016,38
Betmar LaVilla,2017,48
Betmar LaVilla,2018,34
Betmar LaVilla,2019,34
Betmar LaVilla,2020,21
Betmar LaVilla,2021,29
Betmar LaVilla,2022,3
Blair Villa/Poole Creek,2009,96
Blair Villa/Poole Creek,2010,71
Blair Villa/Poole Creek,2011,65
Blair Villa/Poole Creek,2012,53
Blair Villa/Poole Creek,2013,88
Blair Villa/Poole Creek,2014,78
Blair Villa/Poole Creek,2015,77
Blair Villa/Poole Creek,2016,62
Blair Villa/Poole Creek,2017,61
Blair Villa/Poole Creek,2018,70
Blair Villa/Poole Creek,2019,54
Blair Villa/Poole Creek,2020,41
Blair Villa/Poole Creek,2021,38
Blair Villa/Poole Creek,2022,4
Blandtown,2009,116
Blandtown,2010,106
Blandtown,2011,127
Blandtown,2012,144
Blandtown,2013,154
Blandtown,2014,171
Blandtown,2015,166
Blandtown,2016,247
Blandtown,2017,271
Blandtown,2018,240
Blandtown,2019,231
Blandtown,2020,167
Blandtown,2021,179
Blandtown,2022,55
Bolton,2009,152
Bolton,2010,112
Bolton,2011,115
Bolton,2012,79
Bolton,2013,94
Bolton,2014,75
Bolton,2015,97
Bolton,2016,100
Bolton,2017,128
Bolton,2018,113
Bolton,2019,134
Bolton,2020,125
Bolton,2021,82
Bolton,2022,28
Bolton Hills,2009,16
Bolton Hills,2010,14
Bolton Hills,2011,15
Bolton Hills,2012,13
Bolton Hills,2013,11
Bolton Hills,2014,8
Bolton Hills,2015,7
Bolton Hills,2016,1
Bolton Hills,2017,8
Bolton Hills,2018,3
Bolton Hills,2019,6
Bolton Hills,2020,2
Bolton Hills,2021,2
Bolton Hills,2022,5
Boulder Park,2009,7
Boulder Park,2010,15
Boulder Park,2011,7
Boulder Park,2012,9
Boulder Park,2013,3
Boulder Park,2014,4
Boulder Park,2015,5
Boulder Park,2016,7
Boulder Park,2017,6
Boulder Park,2018,3
Boulder Park,2019,6
Boulder Park,2020,1
Boulder Park,2021,2
Boulevard Heights,2009,61
Boulevard Heights,2010,40
Boulevard Heights,2011,29
Boulevard Heights,2012,30
Boulevard Heights,2013,37
Boulevard Heights,2014,48
Boulevard Heights,2015,24
Boulevard Heights,2016,24
Boulevard Heights,2017,43
Boulevard Heights,2018,43
Boulevard Heights,2019,16
Boulevard Heights,2020,26
Boulevard Heights,2021,26
Boulevard Heights,2022,6
Brandon,2009,39
Brandon,2010,32
Brandon,2011,36
Brandon,2012,41
Brandon,2013,32
Brandon,2014,22
Brandon,2015,34
Brandon,2016,24
Brandon,2017,12
Brandon,2018,16
Brandon,2019,11
Brandon,2020,15
Brandon,2021,11
Brandon,2022,3
Brentwood,2009,6
Brentwood,2010,8
Brentwood,2011,6
Brentwood,2012,7
Brentwood,2013,3
Brentwood,2014,10
Brentwood,2015,2
Brentwood,2016,10
Brentwood,2017,7
Brentwood,2018,3
Brentwood,2019,7
Brentwood,2020,3
Brentwood,2021,5
Briar Glen,2009,10
Briar Glen,2010,11
Briar Glen,2011,13
Briar Glen,2012,9
Briar Glen,2013,17
Briar Glen,2014,8
Briar Glen,2015,12
Briar Glen,2016,13
Briar Glen,2017,8
Briar Glen,2018,4
Briar Glen,2019,11
Briar Glen,2020,2
Briar Glen,2021,4
Briar Glen,2022,2
Brookhaven,2009,22
Brookhaven,2010,32
Brookhaven,2011,18
Brookhaven,2012,29
Brookhaven,2013,19
Brookhaven,2014,22
Brookhaven,2015,31
Brookhaven,2016,31
Brookhaven,2017,14
Brookhaven,2018,20
Brookhaven,2019,9
Brookhaven,2020,11
Brookhaven,2021,11
Brookhaven,2022,5
Brookview Heights,2009,100
Brookview Heights,2010,79
Brookview Heights,2011,37
Brookview Heights,2012,45
Brookview Heights,2013,46
Brookview Heights,2014,37
Brookview Heights,2015,31
Brookview Heights,2016,33
Brookview Heights,2017,39
Brookview Heights,2018,46
Brookview Heights,2019,35
Brookview Heights,2020,34
Brookview Heights,2021,45
Brookview Heights,2022,22
Brookwood,2009,81
Brookwood,2010,84
Brookwood,2011,69
Brookwood,2012,53
Brookwood,2013,51
Brookwood,2014,48
Brookwood,2015,38
Brookwood,2016,53
Brookwood,2017,35
Brookwood,2018,22
Brookwood,2019,37
Brookwood,2020,27
Brookwood,2021,22
Brookwood,2022,4
Brookwood Hills,2009,48
Brookwood Hills,2010,54
Brookwood Hills,2011,50
Brookwood Hills,2012,55
Brookwood Hills,2013,44
Brookwood Hills,2014,61
Brookwood Hills,2015,48
Brookwood Hills,2016,26
Brookwood Hills,2017,53
Brookwood Hills,2018,55
Brookwood Hills,2019,33
Brookwood Hills,2020,37
Brookwood Hills,2021,17
Brookwood Hills,2022,5
Browns Mill Park,2009,223
Browns Mill Park,2010,186
Browns Mill Park,2011,211
Browns Mill Park,2012,176
Browns Mill Park,2013,178
Browns Mill Park,2014,167
Browns Mill Park,2015,145
Browns Mill Park,2016,160
Browns Mill Park,2017,142
Browns Mill Park,2018,108
Browns Mill Park,2019,107
Browns Mill Park,2020,104
Browns Mill Park,2021,86
Browns Mill Park,2022,15
Buckhead Forest,2009,188
Buckhead Forest,2010,175
Buckhead Forest,2011,155
Buckhead Forest,2012,197
Buckhead Forest,2013,213
Buckhead Forest,2014,180
Buckhead Forest,2015,213
Buckhead Forest,2016,205
Buckhead Forest,2017,172
Buckhead Forest,2018,208
Buckhead Forest,2019,169
Buckhead Forest,2020,160
Buckhead Forest,2021,169
Buckhead Forest,2022,21
Buckhead Heights,2009,30
Buckhead Heights,2010,56
Buckhead Heights,2011,23
Buckhead Heights,2012,34
Buckhead Heights,2013,30
Buckhead Heights,2014,30
Buckhead Heights,2015,35
Buckhead Heights,2016,28
Buckhead Heights,2017,38
Buckhead Heights,2018,47
Buckhead Heights,2019,52
Buckhead Heights,2020,54
Buckhead Heights,2021,47
Buckhead Heights,2022,15
Buckhead Village,2009,139
Buckhead Village,2010,165
Buckhead Village,2011,113
Buckhead Village,2012,121
Buckhead Village,2013,126
Buckhead Village,2014,109
Buckhead Village,2015,121
Buckhead Village,2016,125
Buckhead Village,2017,190
Buckhead Village,2018,255
Buckhead Village,2019,213
Buckhead Village,2020,292
Buckhead Village,2021,187
Buckhead Village,2022,45
Bush Mountain,2009,27
Bush Mountain,2010,39
Bush Mountain,2011,50
Bush Mountain,2012,42
Bush Mountain,2013,33
Bush Mountain,2014,28
Bush Mountain,2015,33
Bush Mountain,2016,19
Bush Mountain,2017,24
Bush Mountain,2018,18
Bush Mountain,2019,27
Bush Mountain,2020,9
Bush Mountain,2021,9
Bush Mountain,2022,1
Butner/Tell,2009,9
Butner/Tell,2010,14
Butner/Tell,2011,12
Butner/Tell,2012,10
Butner/Tell,2013,5
Butner/Tell,2014,5
Butner/Tell,2015,8
Butner/Tell,2016,7
Butner/Tell,2017,4
Butner/Tell,2018,3
Butner/Tell,2019,2
Butner/Tell,2020,3
Butner/Tell,2021,7
Butner/Tell,2022,1
Cabbagetown,2009,77
Cabbagetown,2010,68
Cabbagetown,2011,78
Cabbagetown,2012,71
Cabbagetown,2013,81
Cabbagetown,2014,45
Cabbagetown,2015,43
Cabbagetown,2016,59
Cabbagetown,2017,49
Cabbagetown,2018,34
Cabbagetown,2019,67
Cabbagetown,2020,33
Cabbagetown,2021,57
Cabbagetown,2022,9
Campbellton Road,2009,545
Campbellton Road,2010,471
Campbellton Road,2011,445
Campbellton Road,2012,388
Campbellton Road,2013,331
Campbellton Road,2014,295
Campbellton Road,2015,243
Campbellton Road,2016,265
Campbellton Road,2017,214
Campbellton Road,2018,183
Campbellton Road,2019,205
Campbellton Road,2020,226
Campbellton Road,2021,155
Campbellton Road,2022,52
Candler Park,2009,206
Candler Park,2010,120
Candler Park,2011,120
Candler Park,2012,246
Candler Park,2013,217
Candler Park,2014,224
Candler Park,2015,183
Candler Park,2016,134
Candler Park,2017,150
Candler Park,2018,136
Candler Park,2019,146
Candler Park,2020,103
Candler Park,2021,104
Candler Park,2022,36
Capitol Gateway,2009,51
Capitol Gateway,2010,68
Capitol Gateway,2011,82
Capitol Gateway,2012,89
Capitol Gateway,2013,65
Capitol Gateway,2014,58
Capitol Gateway,2015,72
Capitol Gateway,2016,64
Capitol Gateway,2017,41
Capitol Gateway,2018,32
Capitol Gateway,2019,40
Capitol Gateway,2020,33
Capitol Gateway,2021,21
Capitol Gateway,2022,5
Capitol View,2009,189
Capitol View,2010,171
Capitol View,2011,267
Capitol View,2012,235
Capitol View,2013,182
Capitol View,2014,193
Capitol View,2015,149
Capitol View,2016,145
Capitol View,2017,132
Capitol View,2018,135
Capitol View,2019,138
Capitol View,2020,93
Capitol View,2021,83
Capitol View,2022,23
Capitol View Manor,2009,49
Capitol View Manor,2010,43
Capitol View Manor,2011,47
Capitol View Manor,2012,37
Capitol View Manor,2013,42
Capitol View Manor,2014,29
Capitol View Manor,2015,26
Capitol View Manor,2016,23
Capitol View Manor,2017,27
Capitol View Manor,2018,28
Capitol View Manor,2019,47
Capitol View Manor,2020,16
Capitol View Manor,2021,15
Capitol View Manor,2022,3
Carey Park,2009,163
Carey Park,2010,172
Carey Park,2011,135
Carey Park,2012,187
Carey Park,2013,128
Carey Park,2014,148
Carey Park,2015,107
Carey Park,2016,123
Carey Park,2017,90
Carey Park,2018,56
Carey Park,2019,62
Carey Park,2020,60
Carey Park,2021,78
Carey Park,2022,17
Carroll Heights,2009,69
Carroll Heights,2010,73
Carroll Heights,2011,81
Carroll Heights,2012,73
Carroll Heights,2013,77
Carroll Heights,2014,56
Carroll Heights,2015,57
Carroll Heights,2016,47
Carroll Heights,2017,46
Carroll Heights,2018,45
Carroll Heights,2019,29
Carroll Heights,2020,37
Carroll Heights,2021,28
Carroll Heights,2022,4
Carver Hills,2009,66
Carver Hills,2010,58
Carver Hills,2011,72
Carver Hills,2012,48
Carver Hills,2013,39
Carver Hills,2014,37
Carver Hills,2015,35
Carver Hills,2016,28
Carver Hills,2017,30
Carver Hills,2018,28
Carver Hills,2019,41
Carver Hills,2020,24
Carver Hills,2021,19
Carver Hills,2022,7
Cascade Avenue/Road,2009,206
Cascade Avenue/Road,2010,251
Cascade Avenue/Road,2011,206
Cascade Avenue/Road,2012,172
Cascade Avenue/Road,2013,190
Cascade Avenue/Road,2014,162
Cascade Avenue/Road,2015,142
Cascade Avenue/Road,2016,143
Cascade Avenue/Road,2017,137
Cascade Avenue/Road,2018,140
Cascade Avenue/Road,2019,134
Cascade Avenue/Road,2020,99
Cascade Avenue/Road,2021,90
Cascade Avenue/Road,2022,23
Cascade Green,2009,9
Cascade Green,2010,11
Cascade Green,2011,13
Cascade Green,2012,8
Cascade Green,2013,4
Cascade Green,2014,10
Cascade Green,2015,10
Cascade Green,2016,19
Cascade Green,2017,7
Cascade Green,2018,6
Cascade Green,2019,2
Cascade Green,2020,3
Cascade Heights,2009,66
Cascade Heights,2010,66
Cascade Heights,2011,52
Cascade Heights,2012,37
Cascade Heights,2013,58
Cascade Heights,2014,39
Cascade Heights,2015,48
Cascade Heights,2016,52
Cascade Heights,2017,100
Cascade Heights,2018,39
Cascade Heights,2019,30
Cascade Heights,2020,35
Cascade Heights,2021,19
Cascade Heights,2022,4
Castleberry Hill,2009,333
Castleberry Hill,2010,300
Castleberry Hill,2011,303
Castleberry Hill,2012,345
Castleberry Hill,2013,334
Castleberry Hill,2014,364
Castleberry Hill,2015,304
Castleberry Hill,2016,293
Castleberry Hill,2017,299
Castleberry Hill,2018,359
Castleberry Hill,2019,310
Castleberry Hill,2020,307
Castleberry Hill,2021,353
Castleberry Hill,2022,68
Castlewood,2009,5
Castlewood,2010,4
Castlewood,2011,12
Castlewood,2012,12
Castlewood,2013,10
Castlewood,2014,13
Castlewood,2015,12
Castlewood,2016,10
Castlewood,2017,6
Castlewood,2018,4
Castlewood,2019,2
Castlewood,2020,7
Castlewood,2021,5
Center Hill,2009,405
Center Hill,2010,403
Center Hill,2011,393
Center Hill,2012,319
Center Hill,2013,218
Center Hill,2014,258
Center Hill,2015,260
Center Hill,2016,253
Center Hill,2017,214
Center Hill,2018,157
Center Hill,2019,135
Center Hill,2020,103
Center Hill,2021,95
Center Hill,2022,19
Chalet Woods,2009,13
Chalet Woods,2010,13
Chalet Woods,2011,9
Chalet Woods,2012,5
Chalet Woods,2013,4
Chalet Woods,2014,10
Chalet Woods,2015,3
Chalet Woods,2016,4
Chalet Woods,2017,5
Chalet Woods,2018,3
Chalet Woods,2019,3
Chalet Woods,2020,1
Channing Valley,2009,50
Channing Valley,2010,32
Channing Valley,2011,38
Channing Valley,2012,47
Channing Valley,2013,56
Channing Valley,2014,44
Channing Valley,2015,36
Channing Valley,2016,50
Channing Valley,2017,31
Channing Valley,2018,39
Channing Valley,2019,50
Channing Valley,2020,20
Channing Valley,2021,22
Channing Valley,2022,5
Chastain Park,2009,66
Chastain Park,2010,47
Chastain Park,2011,69
Chastain Park,2012,67
Chastain Park,2013,80
Chastain Park,2014,60
Chastain Park,2015,30
Chastain Park,2016,62
Chastain Park,2017,29
Chastain Park,2018,29
Chastain Park,2019,21
Chastain Park,2020,52
Chastain Park,2021,27
Chastain Park,2022,9
Chattahoochee,2009,1
Chattahoochee,2010,2
Chattahoochee,2011,2
Chattahoochee,2012,1
Chattahoochee,2013,1
Chattahoochee,2014,4
Chattahoochee,2016,1
Chattahoochee,2017,1
Chattahoochee,2019,1
Chattahoochee,2021,1
Chattahoochee,2022,1
Chosewood Park,2009,216
Chosewood Park,2010,181
Chosewood Park,2011,166
Chosewood Park,2012,91
Chosewood Park,2013,108
Chosewood Park,2014,99
Chosewood Park,2015,73
Chosewood Park,2016,85
Chosewood Park,2017,96
Chosewood Park,2018,70
Chosewood Park,2019,73
Chosewood Park,2020,69
Chosewood Park,2021,41
Chosewood Park,2022,13
Collier Heights,2009,366
Collier Heights,2010,374
Collier Heights,2011,374
Collier Heights,2012,354
Collier Heights,2013,271
Collier Heights,2014,309
Collier Heights,2015,287
Collier Heights,2016,381
Collier Heights,2017,253
Collier Heights,2018,185
Collier Heights,2019,165
Collier Heights,2020,137
Collier Heights,2021,205
Collier Heights,2022,62
Collier Hills,2009,27
Collier Hills,2010,16
Collier Hills,2011,16
Collier Hills,2012,15
Collier Hills,2013,17
Collier Hills,2014,16
Collier Hills,2015,17
Collier Hills,2016,20
Collier Hills,2017,13
Collier Hills,2018,22
Collier Hills,2019,15
Collier Hills,2020,10
Collier Hills,2021,11
Collier Hills,2022,1
Collier Hills North,2009,5
Collier Hills North,2010,5
Collier Hills North,2011,3
Collier Hills North,2012,8
Collier Hills North,2013,6
Collier Hills North,2014,2
Collier Hills North,2015,6
Collier Hills North,2016,4
Collier Hills North,2017,2
Collier Hills North,2018,4
Collier Hills North,2019,3
Collier Hills North,2020,3
Collier Hills North,2021,7
Collier Hills North,2022,1
Colonial Homes,2009,15
Colonial Homes,2010,21
Colonial Homes,2011,13
Colonial Homes,2012,22
Colonial Homes,2013,11
Colonial Homes,2014,9
Colonial Homes,2015,20
Colonial Homes,2016,20
Colonial Homes,2017,5
Colonial Homes,2018,23
Colonial Homes,2019,27
Colonial Homes,2020,11
Colonial Homes,2021,26
Colonial Homes,2022,6
Cross Creek,2009,38
Cross Creek,2010,44
Cross Creek,2011,50
Cross Creek,2012,63
Cross Creek,2013,34
Cross Creek,2014,39
Cross Creek,2015,25
Cross Creek,2016,17
Cross Creek,2017,19
Cross Creek,2018,15
Cross Creek,2019,20
Cross Creek,2020,9
Cross Creek,2021,22
Cross Creek,2022,3
Custer/McDonough/Guice,2009,187
Custer/McDonough/Guice,2010,196
Custer/McDonough/Guice,2011,132
Custer/McDonough/Guice,2012,122
Custer/McDonough/Guice,2013,120
Custer/McDonough/Guice,2014,103
Custer/McDonough/Guice,2015,109
Custer/McDonough/Guice,2016,75
Custer/McDonough/Guice,2017,91
Custer/McDonough/Guice,2018,72
Custer/McDonough/Guice,2019,88
Custer/McDonough/Guice,2020,87
Custer/McDonough/Guice,2021,65
Custer/McDonough/Guice,2022,16
Deerwood,2009,28
Deerwood,2010,27
Deerwood,2011,28
Deerwood,2012,28
Deerwood,2013,36
Deerwood,2014,28
Deerwood,2015,26
Deerwood,2016,21
Deerwood,2017,19
Deerwood,2018,11
Deerwood,2019,12
Deerwood,2020,16
Deerwood,2021,12
Deerwood,2022,2
Dixie Hills,2009,177
Dixie Hills,2010,229
Dixie Hills,2011,220
Dixie Hills,2012,154
Dixie Hills,2013,151
Dixie Hills,2014,123
Dixie Hills,2015,174
Dixie Hills,2016,153
Dixie Hills,2017,120
Dixie Hills,2018,135
Dixie Hills,2019,97
Dixie Hills,2020,55
Dixie Hills,2021,75
Dixie Hills,2022,24
Downtown,2009,3152
Downtown,2010,2578
Downtown,2011,2659
Downtown,2012,2203
Downtown,2013,2342
Downtown,2014,2386
Downtown,2015,2259
Downtown,2016,1821
Downtown,2017,1814
Downtown,2018,2125
Downtown,2019,2003
Downtown,2020,2072
Downtown,2021,1693
Downtown,2022,398
Druid Hills,2009,40
Druid Hills,2010,27
Druid Hills,2011,28
Druid Hills,2012,40
Druid Hills,2013,39
Druid Hills,2014,33
Druid Hills,2015,49
Druid Hills,2016,26
Druid Hills,2017,32
Druid Hills,2018,45
Druid Hills,2019,30
Druid Hills,2020,35
Druid Hills,2021,30
Druid Hills,2022,7
East Ardley Road,2009,6
East Ardley Road,2010,3
East Ardley Road,2011,2
East Ardley Road,2012,5
East Ardley Road,2013,3
East Ardley Road,2014,8
East Ardley Road,2015,4
East Ardley Road,2016,5
East Ardley Road,2017,4
East Ardley Road,2018,7
East Ardley Road,2019,7
East Ardley Road,2020,1
East Ardley Road,2021,1
East Ardley Road,2022,1
East Atlanta,2009,554
East Atlanta,2010,472
East Atlanta,2011,385
East Atlanta,2012,397
East Atlanta,2013,421
East Atlanta,2014,331
East Atlanta,2015,316
East Atlanta,2016,294
East Atlanta,2017,311
East Atlanta,2018,256
East Atlanta,2019,233
East Atlanta,2020,199
East Atlanta,2021,194
East Atlanta,2022,65
East Chastain Park,2009,78
East Chastain Park,2010,77
East Chastain Park,2011,44
East Chastain Park,2012,54
East Chastain Park,2013,47
East Chastain Park,2014,40
East Chastain Park,2015,35
East Chastain Park,2016,39
East Chastain Park,2017,38
East Chastain Park,2018,58
East Chastain Park,2019,56
East Chastain Park,2020,95
East Chastain Park,2021,50
East Chastain Park,2022,11
East Lake,2009,196
East Lake,2010,146
East Lake,2011,176
East Lake,2012,159
East Lake,2013,156
East Lake,2014,132
East Lake,2015,135
East Lake,2016,172
East Lake,2017,158
East Lake,2018,116
East Lake,2019,116
East Lake,2020,90
East Lake,2021,104
East Lake,2022,18
Edgewood,2009,581
Edgewood,2010,423
Edgewood,2011,522
Edgewood,2012,554
Edgewood,2013,530
Edgewood,2014,499
Edgewood,2015,479
Edgewood,2016,374
Edgewood,2017,449
Edgewood,2018,370
Edgewood,2019,388
Edgewood,2020,292
Edgewood,2021,203
Edgewood,2022,29
Edmund Park,2016,2
Edmund Park,2017,2
Edmund Park,2018,2
Edmund Park,2019,1
Elmco Estates,2009,11
Elmco Estates,2010,28
Elmco Estates,2011,29
Elmco Estates,2012,24
Elmco Estates,2013,18
Elmco Estates,2014,10
Elmco Estates,2015,21
Elmco Estates,2016,30
Elmco Estates,2017,17
Elmco Estates,2018,15
Elmco Estates,2019,19
Elmco Estates,2020,8
Elmco Estates,2021,3
Elmco Estates,2022,2
Englewood Manor,2009,1
Englewood Manor,2011,1
English Avenue,2009,615
English Avenue,2010,423
English Avenue,2011,468
English Avenue,2012,458
English Avenue,2013,463
English Avenue,2014,306
English Avenue,2015,293
English Avenue,2016,260
English Avenue,2017,283
English Avenue,2018,246
English Avenue,2019,226
English Avenue,2020,299
English Avenue,2021,349
English Avenue,2022,76
English Park,2009,14
English Park,2010,23
English Park,2011,16
English Park,2012,12
English Park,2013,15
English Park,2014,12
English Park,2015,15
English Park,2016,27
English Park,2017,23
English Park,2018,13
English Park,2019,10
English Park,2020,8
English Park,2021,19
English Park,2022,3
Fairburn,2009,56
Fairburn,2010,42
Fairburn,2011,30
Fairburn,2012,20
Fairburn,2013,29
Fairburn,2014,20
Fairburn,2015,25
Fairburn,2016,32
Fairburn,2017,25
Fairburn,2018,31
Fairburn,2019,12
Fairburn,2020,16
Fairburn,2021,4
Fairburn,2022,2
Fairburn Heights,2009,72
Fairburn Heights,2010,83
Fairburn Heights,2011,82
Fairburn Heights,2012,91
Fairburn Heights,2013,87
Fairburn Heights,2014,76
Fairburn Heights,2015,64
Fairburn Heights,2016,73
Fairburn Heights,2017,55
Fairburn Heights,2018,31
Fairburn Heights,2019,25
Fairburn Heights,2020,25
Fairburn Heights,2021,18
Fairburn Heights,2022,3
Fairburn Mays,2009,222
Fairburn Mays,2010,204
Fairburn Mays,2011,181
Fairburn Mays,2012,194
Fairburn Mays,2013,139
Fairburn Mays,2014,164
Fairburn Mays,2015,124
Fairburn Mays,2016,157
Fairburn Mays,2017,117
Fairburn Mays,2018,94
Fairburn Mays,2019,91
Fairburn Mays,2020,69
Fairburn Mays,2021,87
Fairburn Mays,2022,18
Fairburn Road/Wisteria Lane,2009,13
Fairburn Road/Wisteria Lane,2010,8
Fairburn Road/Wisteria Lane,2011,7
Fairburn Road/Wisteria Lane,2012,10
Fairburn Road/Wisteria Lane,2013,9
Fairburn Road/Wisteria Lane,2014,5
Fairburn Road/Wisteria Lane,2015,5
Fairburn Road/Wisteria Lane,2016,4
Fairburn Road/Wisteria Lane,2017,7
Fairburn Road/Wisteria Lane,2018,6
Fairburn Road/Wisteria Lane,2019,3
Fairburn Road/Wisteria Lane,2020,4
Fairburn Road/Wisteria Lane,2021,3
Fairburn Tell,2009,8
Fairburn Tell,2010,7
Fairburn Tell,2011,15
Fairburn Tell,2012,7
Fairburn Tell,2013,5
Fairburn Tell,2014,8
Fairburn Tell,2015,5
Fairburn Tell,2016,5
Fairburn Tell,2017,2
Fairburn Tell,2018,4
Fairburn Tell,2019,5
Fairburn Tell,2020,4
Fairburn Tell,2021,8
Fairway Acres,2009,10
Fairway Acres,2010,23
Fairway Acres,2011,30
Fairway Acres,2012,10
Fairway Acres,2013,14
Fairway Acres,2014,12
Fairway Acres,2015,6
Fairway Acres,2016,12
Fairway Acres,2017,6
Fairway Acres,2018,6
Fairway Acres,2019,6
Fairway Acres,2020,2
Fairway Acres,2021,7
Fernleaf,2009,8
Fernleaf,2011,2
Fernleaf,2012,2
Fernleaf,2013,2
Fernleaf,2014,6
Fernleaf,2015,1
Fernleaf,2016,4
Fernleaf,2017,6
Fernleaf,2018,6
Fernleaf,2020,1
Florida Heights,2009,182
Florida Heights,2010,157
Florida Heights,2011,199
Florida Heights,2012,179
Florida Heights,2013,184
Florida Heights,2014,220
Florida Heights,2015,154
Florida Heights,2016,126
Florida Heights,2017,97
Florida Heights,2018,106
Florida Heights,2019,112
Florida Heights,2020,63
Florida Heights,2021,64
Florida Heights,2022,11
Fort McPherson,2009,4
Fort McPherson,2010,4
Fort McPherson,2011,1
Fort McPherson,2012,3
Fort McPherson,2013,2
Fort McPherson,2014,4
Fort McPherson,2015,4
Fort McPherson,2016,1
Fort McPherson,2017,2
Fort McPherson,2018,3
Fort McPherson,2019,4
Fort McPherson,2021,2
Fort McPherson,2022,2
Fort Valley,2009,52
Fort Valley,2010,43
Fort Valley,2011,59
Fort Valley,2012,52
Fort Valley,2013,41
Fort Valley,2014,51
Fort Valley,2015,46
Fort Valley,2016,28
Fort Valley,2017,37
Fort Valley,2018,15
Fort Valley,2019,26
Fort Valley,2020,11
Fort Valley,2021,6
Fort Valley,2022,5
Garden Hills,2009,134
Garden Hills,2010,136
Garden Hills,2011,130
Garden Hills,2012,110
Garden Hills,2013,114
Garden Hills,2014,127
Garden Hills,2015,113
Garden Hills,2016,110
Garden Hills,2017,133
Garden Hills,2018,151
Garden Hills,2019,157
Garden Hills,2020,174
Garden Hills,2021,102
Garden Hills,2022,18
Georgia Tech,2009,9
Georgia Tech,2010,4
Georgia Tech,2011,5
Georgia Tech,2012,7
Georgia Tech,2013,7
Georgia Tech,2014,8
Georgia Tech,2015,5
Georgia Tech,2016,4
Georgia Tech,2017,2
Georgia Tech,2018,5
Georgia Tech,2019,4
Georgia Tech,2020,2
Georgia Tech,2021,1
Glenrose Heights,2009,400
Glenrose Heights,2010,352
Glenrose Heights,2011,395
Glenrose Heights,2012,394
Glenrose Heights,2013,364
Glenrose Heights,2014,383
Glenrose Heights,2015,308
Glenrose Heights,2016,276
Glenrose Heights,2017,211
Glenrose Heights,2018,155
Glenrose Heights,2019,162
Glenrose Heights,2020,143
Glenrose Heights,2021,125
Glenrose Heights,2022,36
Grant Park,2009,570
Grant Park,2010,602
Grant Park,2011,563
Grant Park,2012,516
Grant Park,2013,540
Grant Park,2014,526
Grant Park,2015,424
Grant Park,2016,441
Grant Park,2017,352
Grant Park,2018,357
Grant Park,2019,391
Grant Park,2020,278
Grant Park,2021,315
Grant Park,2022,81
Green Acres Valley,2009,7
Green Acres Valley,2010,3
Green Acres Valley,2011,1
Green Acres Valley,2012,1
Green Acres Valley,2013,5
Green Acres Valley,2014,6
Green Acres Valley,2015,10
Green Acres Valley,2016,5
Green Acres Valley,2017,5
Green Acres Valley,2018,2
Green Acres Valley,2019,5
Green Acres Valley,2020,4
Green Acres Valley,2021,2
Green Forest Acres,2009,6
Green Forest Acres,2010,14
Green Forest Acres,2011,17
Green Forest Acres,2012,16
Green Forest Acres,2013,20
Green Forest Acres,2014,33
Green Forest Acres,2015,27
Green Forest Acres,2016,15
Green Forest Acres,2017,7
Green Forest Acres,2018,6
Green Forest Acres,2019,9
Green Forest Acres,2020,4
Green Forest Acres,2021,4
Green Forest Acres,2022,2
Greenbriar,2009,649
Greenbriar,2010,562
Greenbriar,2011,543
Greenbriar,2012,556
Greenbriar,2013,576
Greenbriar,2014,522
Greenbriar,2015,417
Greenbriar,2016,522
Greenbriar,2017,424
Greenbriar,2018,377
Greenbriar,2019,333
Greenbriar,2020,235
Greenbriar,2021,255
Greenbriar,2022,60
Greenbriar Village,2009,17
Greenbriar Village,2010,7
Greenbriar Village,2011,4
Greenbriar Village,2012,8
Greenbriar Village,2013,4
Greenbriar Village,2014,5
Greenbriar Village,2015,9
Greenbriar Village,2016,9
Greenbriar Village,2017,10
Greenbriar Village,2018,4
Greenbriar Village,2019,7
Greenbriar Village,2020,5
Greenbriar Village,2021,3
Grove Park,2009,630
Grove Park,2010,579
Grove Park,2011,672
Grove Park,2012,594
Grove Park,2013,533
Grove Park,2014,436
Grove Park,2015,422
Grove Park,2016,395
Grove Park,2017,329
Grove Park,2018,336
Grove Park,2019,284
Grove Park,2020,237
Grove Park,2021,200
Grove Park,2022,35
Hammond Park,2009,255
Hammond Park,2010,283
Hammond Park,2011,272
Hammond Park,2012,230
Hammond Park,2013,256
Hammond Park,2014,287
Hammond Park,2015,240
Hammond Park,2016,200
Hammond Park,2017,171
Hammond Park,2018,146
Hammond Park,2019,157
Hammond Park,2020,133
Hammond Park,2021,108
Hammond Park,2022,27
Hanover West,2009,4
Hanover West,2010,7
Hanover West,2011,5
Hanover West,2012,3
Hanover West,2013,7
Hanover West,2014,4
Hanover West,2015,3
Hanover West,2016,7
Hanover West,2017,5
Hanover West,2018,4
Hanover West,2019,6
Hanover West,2020,3
Harland Terrace,2009,400
Harland Terrace,2010,265
Harland Terrace,2011,281
Harland Terrace,2012,292
Harland Terrace,2013,239
Harland Terrace,2014,267
Harland Terrace,2015,279
Harland Terrace,2016,202
Harland Terrace,2017,218
Harland Terrace,2018,177
Harland Terrace,2019,174
Harland Terrace,2020,173
Harland Terrace,2021,166
Harland Terrace,2022,36
Harris Chiles,2009,95
Harris Chiles,2010,89
Harris Chiles,2011,89
Harris Chiles,2012,93
Harris Chiles,2013,96
Harris Chiles,2014,96
Harris Chiles,2015,101
Harris Chiles,2016,72
Harris Chiles,2017,65
Harris Chiles,2018,63
Harris Chiles,2019,47
Harris Chiles,2020,33
Harris Chiles,2021,44
Harris Chiles,2022,7
Harvel Homes Community,2009,4
Harvel Homes Community,2010,6
Harvel Homes Community,2011,3
Harvel Homes Community,2012,3
Harvel Homes Community,2013,5
Harvel Homes Community,2014,4
Harvel Homes Community,2015,6
Harvel Homes Community,2016,10
Harvel Homes Community,2017,4
Harvel Homes Community,2018,5
Harvel Homes Community,2019,3
Harvel Homes Community,2020,1
Harvel Homes Community,2021,2
Harvel Homes Community,2022,1
Heritage Valley,2009,31
Heritage Valley,2010,28
Heritage Valley,2011,30
Heritage Valley,2012,15
Heritage Valley,2013,19
Heritage Valley,2014,15
Heritage Valley,2015,35
Heritage Valley,2016,34
Heritage Valley,2017,19
Heritage Valley,2018,21
Heritage Valley,2019,18
Heritage Valley,2020,7
Heritage Valley,2021,4
Heritage Valley,2022,2
High Point,2009,31
High Point,2010,21
High Point,2011,20
High Point,2012,16
High Point,2013,25
High Point,2014,21
High Point,2015,8
High Point,2016,6
High Point,2017,18
High Point,2018,15
High Point,2019,16
High Point,2020,10
High Point,2021,2
High Point,2022,1
Hills Park,2009,97
Hills Park,2010,49
Hills Park,2011,71
Hills Park,2012,43
Hills Park,2013,47
Hills Park,2014,40
Hills Park,2015,64
Hills Park,2016,87
Hills Park,2017,101
Hills Park,2018,81
Hills Park,2019,70
Hills Park,2020,54
Hills Park,2021,40
Hills Park,2022,4
Home Park,2009,477
Home Park,2010,351
Home Park,2011,325
Home Park,2012,333
Home Park,2013,423
Home Park,2014,448
Home Park,2015,386
Home Park,2016,461
Home Park,2017,429
Home Park,2018,415
Home Park,2019,408
Home Park,2020,487
Home Park,2021,458
Home Park,2022,93
Horseshoe Community,2009,1
Horseshoe Community,2010,1
Horseshoe Community,2011,4
Horseshoe Community,2012,4
Horseshoe Community,2013,1
Horseshoe Community,2014,1
Horseshoe Community,2015,3
Horseshoe Community,2016,3
Horseshoe Community,2017,2
Horseshoe Community,2018,3
Horseshoe Community,2019,2
Horseshoe Community,2020,1
Horseshoe Community,2021,1
Hunter Hills,2009,169
Hunter Hills,2010,225
Hunter Hills,2011,216
Hunter Hills,2012,197
Hunter Hills,2013,159
Hunter Hills,2014,146
Hunter Hills,2015,144
Hunter Hills,2016,195
Hunter Hills,2017,138
Hunter Hills,2018,126
Hunter Hills,2019,113
Hunter Hills,2020,93
Hunter Hills,2021,77
Hunter Hills,2022,19
Huntington,2009,6
Huntington,2010,8
Huntington,2011,3
Huntington,2012,4
Huntington,2013,3
Huntington,2014,4
Huntington,2015,4
Huntington,2016,3
Huntington,2017,3
Huntington,2018,3
Huntington,2020,2
Huntington,2021,2
Inman Park,2009,406
Inman Park,2010,317
Inman Park,2011,330
Inman Park,2012,313
Inman Park,2013,329
Inman Park,2014,403
Inman Park,2015,398
Inman Park,2016,426
Inman Park,2017,362
Inman Park,2018,335
Inman Park,2019,425
Inman Park,2020,348
Inman Park,2021,371
Inman Park,2022,82
Ivan Hill,2009,7
Ivan Hill,2010,6
Ivan Hill,2011,2
Ivan Hill,2012,8
Ivan Hill,2013,4
Ivan Hill,2014,4
Ivan Hill,2015,11
Ivan Hill,2016,8
Ivan Hill,2017,11
Ivan Hill,2018,3
Ivan Hill,2019,1
Ivan Hill,2020,1
Ivan Hill,2022,1
Joyland,2009,47
Joyland,2010,75
Joyland,2011,37
Joyland,2012,55
Joyland,2013,59
Joyland,2014,87
Joyland,2015,57
Joyland,2016,44
Joyland,2017,36
Joyland,2018,40
Joyland,2019,16
Joyland,2020,20
Joyland,2021,16
Joyland,2022,7
Just Us,2009,7
Just Us,2010,4
Just Us,2011,9
Just Us,2012,12
Just Us,2013,12
Just Us,2014,3
Just Us,2015,8
Just Us,2016,9
Just Us,2017,1
Just Us,2018,5
Just Us,2019,1
Just Us,2020,6
Just Us,2021,6
Kings Forest,2009,107
Kings Forest,2010,93
Kings Forest,2011,86
Kings Forest,2012,72
Kings Forest,2013,79
Kings Forest,2014,75
Kings Forest,2015,98
Kings Forest,2016,70
Kings Forest,2017,60
Kings Forest,2018,47
Kings Forest,2019,47
Kings Forest,2020,29
Kings Forest,2021,24
Kings Forest,2022,8
Kingswood,2009,9
Kingswood,2010,7
Kingswood,2011,12
Kingswood,2012,10
Kingswood,2013,7
Kingswood,2014,5
Kingswood,2015,7
Kingswood,2016,7
Kingswood,2017,2
Kingswood,2018,9
Kingswood,2019,3
Kingswood,2020,8
Kingswood,2021,4
Kingswood,2022,1
Kirkwood,2009,625
Kirkwood,2010,369
Kirkwood,2011,321
Kirkwood,2012,385
Kirkwood,2013,442
Kirkwood,2014,274
Kirkwood,2015,207
Kirkwood,2016,171
Kirkwood,2017,161
Kirkwood,2018,123
Kirkwood,2019,151
Kirkwood,2020,159
Kirkwood,2021,183
Kirkwood,2022,27
Knight Park/Howell Station,2009,75
Knight Park/Howell Station,2010,47
Knight Park/Howell Station,2011,72
Knight Park/Howell Station,2012,39
Knight Park/Howell Station,2013,42
Knight Park/Howell Station,2014,36
Knight Park/Howell Station,2015,38
Knight Park/Howell Station,2016,41
Knight Park/Howell Station,2017,37
Knight Park/Howell Station,2018,23
Knight Park/Howell Station,2019,20
Knight Park/Howell Station,2020,34
Knight Park/Howell Station,2021,30
Knight Park/Howell Station,2022,4
Lake Claire,2009,128
Lake Claire,2010,39
Lake Claire,2011,55
Lake Claire,2012,94
Lake Claire,2013,62
Lake Claire,2014,58
Lake Claire,2015,70
Lake Claire,2016,37
Lake Claire,2017,52
Lake Claire,2018,47
Lake Claire,2019,80
Lake Claire,2020,37
Lake Claire,2021,24
Lake Claire,2022,3
Lake Estates,2009,5
Lake Estates,2010,2
Lake Estates,2011,9
Lake Estates,2012,6
Lake Estates,2013,1
Lake Estates,2014,1
Lake Estates,2015,2
Lake Estates,2016,4
Lake Estates,2017,1
Lake Estates,2018,2
Lake Estates,2019,1
Lake Estates,2020,1
Lakewood,2009,97
Lakewood,2010,107
Lakewood,2011,94
Lakewood,2012,78
Lakewood,2013,60
Lakewood,2014,44
Lakewood,2015,64
Lakewood,2016,65
Lakewood,2017,47
Lakewood,2018,41
Lakewood,2019,22
Lakewood,2020,45
Lakewood,2021,30
Lakewood,2022,7
Lakewood Heights,2009,367
Lakewood Heights,2010,393
Lakewood Heights,2011,380
Lakewood Heights,2012,308
Lakewood Heights,2013,341
Lakewood Heights,2014,297
Lakewood Heights,2015,264
Lakewood Heights,2016,286
Lakewood Heights,2017,316
Lakewood Heights,2018,259
Lakewood Heights,2019,240
Lakewood Heights,2020,226
Lakewood Heights,2021,224
Lakewood Heights,2022,66
Laurens Valley,2009,12
Laurens Valley,2010,6
Laurens Valley,2011,14
Laurens Valley,2012,4
Laurens Valley,2013,9
Laurens Valley,2014,13
Laurens Valley,2015,10
Laurens Valley,2016,12
Laurens Valley,2017,5
Laurens Valley,2018,7
Laurens Valley,2019,4
Laurens Valley,2020,1
Laurens Valley,2021,5
Laurens Valley,2022,1
Leila Valley,2009,67
Leila Valley,2010,59
Leila Valley,2011,50
Leila Valley,2012,70
Leila Valley,2013,55
Leila Valley,2014,61
Leila Valley,2015,66
Leila Valley,2016,42
Leila Valley,2017,50
Leila Valley,2018,41
Leila Valley,2019,46
Leila Valley,2020,49
Leila Valley,2021,47
Leila Valley,2022,11
Lenox,2009,794
Lenox,2010,645
Lenox,2011,569
Lenox,2012,546
Lenox,2013,550
Lenox,2014,522
Lenox,2015,624
Lenox,2016,517
Lenox,2017,520
Lenox,2018,457
Lenox,2019,454
Lenox,2020,280
Lenox,2021,239
Lenox,2022,70
Lincoln Homes,2009,62
Lincoln Homes,2010,42
Lincoln Homes,2011,44
Lincoln Homes,2012,30
Lincoln Homes,2013,23
Lincoln Homes,2014,31
Lincoln Homes,2015,33
Lincoln Homes,2016,38
Lincoln Homes,2017,33
Lincoln Homes,2018,19
Lincoln Homes,2019,29
Lincoln Homes,2020,17
Lincoln Homes,2021,6
Lincoln Homes,2022,6
Lindbergh/Morosgo,2009,380
Lindbergh/Morosgo,2010,449
Lindbergh/Morosgo,2011,347
Lindbergh/Morosgo,2012,371
Lindbergh/Morosgo,2013,338
Lindbergh/Morosgo,2014,391
Lindbergh/Morosgo,2015,422
Lindbergh/Morosgo,2016,507
Lindbergh/Morosgo,2017,589
Lindbergh/Morosgo,2018,607
Lindbergh/Morosgo,2019,596
Lindbergh/Morosgo,2020,542
Lindbergh/Morosgo,2021,498
Lindbergh/Morosgo,2022,91
Lindridge/Martin Manor,2009,289
Lindridge/Martin Manor,2010,266
Lindridge/Martin Manor,2011,204
Lindridge/Martin Manor,2012,211
Lindridge/Martin Manor,2013,218
Lindridge/Martin Manor,2014,233
Lindridge/Martin Manor,2015,198
Lindridge/Martin Manor,2016,220
Lindridge/Martin Manor,2017,212
Lindridge/Martin Manor,2018,310
Lindridge/Martin Manor,2019,277
Lindridge/Martin Manor,2020,282
Lindridge/Martin Manor,2021,245
Lindridge/Martin Manor,2022,59
Loring Heights,2009,120
Loring Heights,2010,102
Loring Heights,2011,117
Loring Heights,2012,120
Loring Heights,2013,108
Loring Heights,2014,95
Loring Heights,2015,115
Loring Heights,2016,153
Loring Heights,2017,161
Loring Heights,2018,208
Loring Heights,2019,141
Loring Heights,2020,150
Loring Heights,2021,113
Loring Heights,2022,26
Magnum Manor,2009,11
Magnum Manor,2010,4
Magnum Manor,2011,15
Magnum Manor,2012,9
Magnum Manor,2013,12
Magnum Manor,2014,11
Magnum Manor,2015,13
Magnum Manor,2016,10
Magnum Manor,2017,10
Magnum Manor,2018,4
Magnum Manor,2019,5
Magnum Manor,2020,6
Magnum Manor,2021,7
Magnum Manor,2022,1
Margaret Mitchell,2009,14
Margaret Mitchell,2010,11
Margaret Mitchell,2011,14
Margaret Mitchell,2012,15
Margaret Mitchell,2013,13
Margaret Mitchell,2014,18
Margaret Mitchell,2015,13
Margaret Mitchell,2016,13
Margaret Mitchell,2017,6
Margaret Mitchell,2018,10
Margaret Mitchell,2019,11
Margaret Mitchell,2020,13
Margaret Mitchell,2021,5
Margaret Mitchell,2022,1
Marietta Street Artery,2009,173
Marietta Street Artery,2010,149
Marietta Street Artery,2011,167
Marietta Street Artery,2012,143
Marietta Street Artery,2013,127
Marietta Street Artery,2014,168
Marietta Street Artery,2015,219
Marietta Street Artery,2016,197
Marietta Street Artery,2017,143
Marietta Street Artery,2018,218
Marietta Street Artery,2019,157
Marietta Street Artery,2020,117
Marietta Street Artery,2021,163
Marietta Street Artery,2022,43
Mays,2009,56
Mays,2010,59
Mays,2011,53
Mays,2012,62
Mays,2013,79
Mays,2014,61
Mays,2015,81
Mays,2016,96
Mays,2017,63
Mays,2018,42
Mays,2019,32
Mays,2020,30
Mays,2021,43
Mays,2022,6
Meadowbrook Forest,2009,13
Meadowbrook Forest,2010,16
Meadowbrook Forest,2011,9
Meadowbrook Forest,2012,3
Meadowbrook Forest,2013,18
Meadowbrook Forest,2014,5
Meadowbrook Forest,2015,12
Meadowbrook Forest,2016,15
Meadowbrook Forest,2017,12
Meadowbrook Forest,2018,9
Meadowbrook Forest,2019,8
Meadowbrook Forest,2021,4
Mechanicsville,2009,423
Mechanicsville,2010,477
Mechanicsville,2011,528
Mechanicsville,2012,497
Mechanicsville,2013,602
Mechanicsville,2014,494
Mechanicsville,2015,425
Mechanicsville,2016,422
Mechanicsville,2017,430
Mechanicsville,2018,412
Mechanicsville,2019,330
Mechanicsville,2020,230
Mechanicsville,2021,322
Mechanicsville,2022,72
Mellwood,2009,6
Mellwood,2010,1
Mellwood,2011,10
Mellwood,2012,3
Mellwood,2013,4
Mellwood,2014,3
Mellwood,2015,2
Mellwood,2017,2
Mellwood,2018,4
Mellwood,2019,4
Mellwood,2020,2
Mellwood,2021,3
Memorial Park,2009,4
Memorial Park,2010,8
Memorial Park,2011,13
Memorial Park,2012,14
Memorial Park,2013,8
Memorial Park,2014,12
Memorial Park,2015,5
Memorial Park,2016,10
Memorial Park,2017,5
Memorial Park,2018,5
Memorial Park,2019,3
Memorial Park,2020,2
Memorial Park,2021,5
Memorial Park,2022,1
Midtown,2009,2223
Midtown,2010,1760
Midtown,2011,1705
Midtown,2012,1590
Midtown,2013,1800
Midtown,2014,1714
Midtown,2015,1518
Midtown,2016,1307
Midtown,2017,1402
Midtown,2018,1528
Midtown,2019,1669
Midtown,2020,1621
Midtown,2021,1496
Midtown,2022,367
Midwest Cascade,2009,38
Midwest Cascade,2010,52
Midwest Cascade,2011,33
Midwest Cascade,2012,27
Midwest Cascade,2013,33
Midwest Cascade,2014,21
Midwest Cascade,2015,18
Midwest Cascade,2016,32
Midwest Cascade,2017,35
Midwest Cascade,2018,12
Midwest Cascade,2019,10
Midwest Cascade,2020,10
Midwest Cascade,2021,14
Midwest Cascade,2022,1
Monroe Heights,2009,56
Monroe Heights,2010,49
Monroe Heights,2011,43
Monroe Heights,2012,85
Monroe Heights,2013,68
Monroe Heights,2014,34
Monroe Heights,2015,54
Monroe Heights,2016,54
Monroe Heights,2017,44
Monroe Heights,2018,23
Monroe Heights,2019,36
Monroe Heights,2020,23
Monroe Heights,2021,20
Monroe Heights,2022,3
Morningside/Lenox Park,2009,292
Morningside/Lenox Park,2010,270
Morningside/Lenox Park,2011,264
Morningside/Lenox Park,2012,285
Morningside/Lenox Park,2013,284
Morningside/Lenox Park,2014,221
Morningside/Lenox Park,2015,224
Morningside/Lenox Park,2016,270
Morningside/Lenox Park,2017,334
Morningside/Lenox Park,2018,316
Morningside/Lenox Park,2019,293
Morningside/Lenox Park,2020,224
Morningside/Lenox Park,2021,220
Morningside/Lenox Park,2022,57
Mozley Park,2009,160
Mozley Park,2010,141
Mozley Park,2011,149
Mozley Park,2012,218
Mozley Park,2013,120
Mozley Park,2014,126
Mozley Park,2015,109
Mozley Park,2016,119
Mozley Park,2017,103
Mozley Park,2018,105
Mozley Park,2019,96
Mozley Park,2020,80
Mozley Park,2021,64
Mozley Park,2022,12
Mt. Gilead Woods,2009,2
Mt. Gilead Woods,2010,6
Mt. Gilead Woods,2011,5
Mt. Gilead Woods,2012,2
Mt. Gilead Woods,2013,7
Mt. Gilead Woods,2014,3
Mt. Gilead Woods,2015,6
Mt. Gilead Woods,2016,7
Mt. Gilead Woods,2017,8
Mt. Gilead Woods,2018,3
Mt. Gilead Woods,2019,1
Mt. Gilead Woods,2020,2
Mt. Gilead Woods,2021,3
Mt. Gilead Woods,2022,1
Mt. Paran Parkway,2009,1
Mt. Paran Parkway,2010,3
Mt. Paran Parkway,2012,2
Mt. Paran Parkway,2013,2
Mt. Paran Parkway,2014,1
Mt. Paran Parkway,2015,1
Mt. Paran Parkway,2016,1
Mt. Paran Parkway,2017,1
Mt. Paran Parkway,2021,1
Mt. Paran/Northside,2009,34
Mt. Paran/Northside,2010,41
Mt. Paran/Northside,2011,22
Mt. Paran/Northside,2012,31
Mt. Paran/Northside,2013,40
Mt. Paran/Northside,2014,36
Mt. Paran/Northside,2015,35
Mt. Paran/Northside,2016,32
Mt. Paran/Northside,2017,21
Mt. Paran/Northside,2018,13
Mt. Paran/Northside,2019,9
Mt. Paran/Northside,2020,8
Mt. Paran/Northside,2021,13
Mt. Paran/Northside,2022,2
Niskey Cove,2009,6
Niskey Cove,2010,2
Niskey Cove,2011,6
Niskey Cove,2012,4
Niskey Cove,2013,6
Niskey Cove,2014,5
Niskey Cove,2015,6
Niskey Cove,2016,4
Niskey Cove,2017,2
Niskey Cove,2019,1
Niskey Cove,2020,1
Niskey Cove,2021,1
Niskey Lake,2009,11
Niskey Lake,2010,4
Niskey Lake,2011,4
Niskey Lake,2012,8
Niskey Lake,2013,8
Niskey Lake,2014,5
Niskey Lake,2015,1
Niskey Lake,2016,3
Niskey Lake,2017,4
Niskey Lake,2018,1
Niskey Lake,2019,2
Niskey Lake,2020,1
Niskey Lake,2021,2
North Buckhead,2009,581
North Buckhead,2010,592
North Buckhead,2011,433
North Buckhead,2012,543
North Buckhead,2013,540
North Buckhead,2014,493
North Buckhead,2015,427
North Buckhead,2016,544
North Buckhead,2017,477
North Buckhead,2018,536
North Buckhead,2019,483
North Buckhead,2020,375
North Buckhead,2021,363
North Buckhead,2022,81
Norwood Manor,2009,65
Norwood Manor,2010,52
Norwood Manor,2011,73
Norwood Manor,2012,61
Norwood Manor,2013,38
Norwood Manor,2014,50
Norwood Manor,2015,41
Norwood Manor,2016,49
Norwood Manor,2017,44
Norwood Manor,2018,38
Norwood Manor,2019,47
Norwood Manor,2020,43
Norwood Manor,2021,23
Norwood Manor,2022,6
Oakcliff,2009,19
Oakcliff,2010,11
Oakcliff,2011,6
Oakcliff,2012,5
Oakcliff,2013,5
Oakcliff,2014,6
Oakcliff,2015,8
Oakcliff,2016,7
Oakcliff,2017,7
Oakcliff,2018,9
Oakcliff,2019,6
Oakcliff,2021,4
Oakcliff,2022,1
Oakland,2009,31
Oakland,2010,29
Oakland,2011,42
Oakland,2012,25
Oakland,2013,34
Oakland,2014,26
Oakland,2015,32
Oakland,2016,20
Oakland,2017,21
Oakland,2018,14
Oakland,2019,28
Oakland,2020,29
Oakland,2021,48
Oakland,2022,16
Oakland City,2009,406
Oakland City,2010,359
Oakland City,2011,400
Oakland City,2012,368
Oakland City,2013,387
Oakland City,2014,366
Oakland City,2015,344
Oakland City,2016,266
Oakland City,2017,244
Oakland City,2018,239
Oakland City,2019,305
Oakland City,2020,227
Oakland City,2021,229
Oakland City,2022,41
Old Fairburn Village,2010,2
Old Fairburn Village,2012,1
Old Fairburn Village,2013,1
Old Fairburn Village,2014,2
Old Fairburn Village,2015,3
Old Fairburn Village,2016,1
Old Fairburn Village,2017,1
Old Fairburn Village,2020,1
Old Fourth Ward,2009,1194
Old Fourth Ward,2010,1032
Old Fourth Ward,2011,1198
Old Fourth Ward,2012,1079
Old Fourth Ward,2013,947
Old Fourth Ward,2014,879
Old Fourth Ward,2015,814
Old Fourth Ward,2016,784
Old Fourth Ward,2017,693
Old Fourth Ward,2018,566
Old Fourth Ward,2019,739
Old Fourth Ward,2020,580
Old Fourth Ward,2021,525
Old Fourth Ward,2022,107
Old Gordon,2009,54
Old Gordon,2010,43
Old Gordon,2011,100
Old Gordon,2012,99
Old Gordon,2013,41
Old Gordon,2014,21
Old Gordon,2015,29
Old Gordon,2016,27
Old Gordon,2017,25
Old Gordon,2018,17
Old Gordon,2019,25
Old Gordon,2020,20
Old Gordon,2021,25
Old Gordon,2022,3
Orchard Knob,2009,48
Orchard Knob,2010,51
Orchard Knob,2011,57
Orchard Knob,2012,89
Orchard Knob,2013,52
Orchard Knob,2014,47
Orchard Knob,2015,43
Orchard Knob,2016,31
Orchard Knob,2017,45
Orchard Knob,2018,29
Orchard Knob,2019,26
Orchard Knob,2020,31
Orchard Knob,2021,27
Orchard Knob,2022,7
Ormewood Park,2009,217
Ormewood Park,2010,208
Ormewood Park,2011,209
Ormewood Park,2012,195
Ormewood Park,2013,214
Ormewood Park,2014,170
Ormewood Park,2015,177
Ormewood Park,2016,148
Ormewood Park,2017,154
Ormewood Park,2018,106
Ormewood Park,2019,120
Ormewood Park,2020,90
Ormewood Park,2021,80
Ormewood Park,2022,21
Paces,2009,40
Paces,2010,57
Paces,2011,43
Paces,2012,52
Paces,2013,69
Paces,2014,42
Paces,2015,52
Paces,2016,41
Paces,2017,28
Paces,2018,32
Paces,2019,36
Paces,2020,35
Paces,2021,18
Paces,2022,6
Peachtree Battle Alliance,2009,18
Peachtree Battle Alliance,2010,29
Peachtree Battle Alliance,2011,31
Peachtree Battle Alliance,2012,22
Peachtree Battle Alliance,2013,32
Peachtree Battle Alliance,2014,19
Peachtree Battle Alliance,2015,18
Peachtree Battle Alliance,2016,15
Peachtree Battle Alliance,2017,14
Peachtree Battle Alliance,2018,21
Peachtree Battle Alliance,2019,25
Peachtree Battle Alliance,2020,29
Peachtree Battle Alliance,2021,13
Peachtree Battle Alliance,2022,2
Peachtree Heights East,2009,19
Peachtree Heights East,2010,17
Peachtree Heights East,2011,13
Peachtree Heights East,2012,11
Peachtree Heights East,2013,14
Peachtree Heights East,2014,11
Peachtree Heights East,2015,6
Peachtree Heights East,2016,16
Peachtree Heights East,2017,14
Peachtree Heights East,2018,17
Peachtree Heights East,2019,5
Peachtree Heights East,2020,13
Peachtree Heights East,2021,12
Peachtree Heights East,2022,3
Peachtree Heights West,2009,131
Peachtree Heights West,2010,128
Peachtree Heights West,2011,95
Peachtree Heights West,2012,105
Peachtree Heights West,2013,142
Peachtree Heights West,2014,104
Peachtree Heights West,2015,85
Peachtree Heights West,2016,68
Peachtree Heights West,2017,100
Peachtree Heights West,2018,104
Peachtree Heights West,2019,78
Peachtree Heights West,2020,77
Peachtree Heights West,2021,76
Peachtree Heights West,2022,6
Peachtree Hills,2009,70
Peachtree Hills,2010,83
Peachtree Hills,2011,72
Peachtree Hills,2012,98
Peachtree Hills,2013,71
Peachtree Hills,2014,43
Peachtree Hills,2015,46
Peachtree Hills,2016,62
Peachtree Hills,2017,53
Peachtree Hills,2018,71
Peachtree Hills,2019,62
Peachtree Hills,2020,68
Peachtree Hills,2021,49
Peachtree Hills,2022,8
Peachtree Park,2009,78
Peachtree Park,2010,75
Peachtree Park,2011,52
Peachtree Park,2012,62
Peachtree Park,2013,55
Peachtree Park,2014,67
Peachtree Park,2015,73
Peachtree Park,2016,101
Peachtree Park,2017,79
Peachtree Park,2018,60
Peachtree Park,2019,80
Peachtree Park,2020,70
Peachtree Park,2021,79
Peachtree Park,2022,15
Penelope Neighbors,2009,34
Penelope Neighbors,2010,30
Penelope Neighbors,2011,25
Penelope Neighbors,2012,28
Penelope Neighbors,2013,33
Penelope Neighbors,2014,23
Penelope Neighbors,2015,25
Penelope Neighbors,2016,32
Penelope Neighbors,2017,15
Penelope Neighbors,2018,18
Penelope Neighbors,2019,22
Penelope Neighbors,2020,9
Penelope Neighbors,2021,13
Penelope Neighbors,2022,3
Peoplestown,2009,317
Peoplestown,2010,295
Peoplestown,2011,394
Peoplestown,2012,314
Peoplestown,2013,247
Peoplestown,2014,286
Peoplestown,2015,238
Peoplestown,2016,247
Peoplestown,2017,166
Peoplestown,2018,137
Peoplestown,2019,140
Peoplestown,2020,146
Peoplestown,2021,146
Peoplestown,2022,41
Perkerson,2009,348
Perkerson,2010,344
Perkerson,2011,331
Perkerson,2012,347
Perkerson,2013,281
Perkerson,2014,290
Perkerson,2015,310
Perkerson,2016,230
Perkerson,2017,266
Perkerson,2018,282
Perkerson,2019,236
Perkerson,2020,186
Perkerson,2021,146
Perkerson,2022,36
Peyton Forest,2009,32
Peyton Forest,2010,33
Peyton Forest,2011,37
Peyton Forest,2012,19
Peyton Forest,2013,17
Peyton Forest,2014,28
Peyton Forest,2015,21
Peyton Forest,2016,16
Peyton Forest,2017,10
Peyton Forest,2018,13
Peyton Forest,2019,14
Peyton Forest,2020,7
Peyton Forest,2021,4
Peyton Forest,2022,3
Piedmont Heights,2009,278
Piedmont Heights,2010,215
Piedmont Heights,2011,192
Piedmont Heights,2012,212
Piedmont Heights,2013,194
Piedmont Heights,2014,194
Piedmont Heights,2015,191
Piedmont Heights,2016,203
Piedmont Heights,2017,223
Piedmont Heights,2018,210
Piedmont Heights,2019,145
Piedmont Heights,2020,125
Piedmont Heights,2021,177
Piedmont Heights,2022,42
Pine Hills,2009,191
Pine Hills,2010,203
Pine Hills,2011,158
Pine Hills,2012,164
Pine Hills,2013,132
Pine Hills,2014,119
Pine Hills,2015,122
Pine Hills,2016,128
Pine Hills,2017,132
Pine Hills,2018,106
Pine Hills,2019,117
Pine Hills,2020,127
Pine Hills,2021,124
Pine Hills,2022,28
Pittsburgh,2009,664
Pittsburgh,2010,612
Pittsburgh,2011,618
Pittsburgh,2012,477
Pittsburgh,2013,442
Pittsburgh,2014,461
Pittsburgh,2015,417
Pittsburgh,2016,356
Pittsburgh,2017,306
Pittsburgh,2018,276
Pittsburgh,2019,294
Pittsburgh,2020,273
Pittsburgh,2021,266
Pittsburgh,2022,51
Pleasant Hill,2009,2
Pleasant Hill,2010,4
Pleasant Hill,2011,5
Pleasant Hill,2012,5
Pleasant Hill,2013,9
Pleasant Hill,2014,2
Pleasant Hill,2015,6
Pleasant Hill,2016,6
Pleasant Hill,2017,4
Pleasant Hill,2018,6
Pleasant Hill,2019,3
Pleasant Hill,2020,4
Pleasant Hill,2021,1
Polar Rock,2009,62
Polar Rock,2010,86
Polar Rock,2011,79
Polar Rock,2012,103
Polar Rock,2013,68
Polar Rock,2014,80
Polar Rock,2015,76
Polar Rock,2016,40
Polar Rock,2017,36
Polar Rock,2018,32
Polar Rock,2019,35
Polar Rock,2020,40
Polar Rock,2021,23
Polar Rock,2022,3
Pomona Park,2009,11
Pomona Park,2010,11
Pomona Park,2011,15
Pomona Park,2012,11
Pomona Park,2013,7
Pomona Park,2014,12
Pomona Park,2015,23
Pomona Park,2016,16
Pomona Park,2017,5
Pomona Park,2018,9
Pomona Park,2019,7
Pomona Park,2020,7
Pomona Park,2021,5
Pomona Park,2022,4
Poncey-Highland,2009,316
Poncey-Highland,2010,271
Poncey-Highland,2011,233
Poncey-Highland,2012,236
Poncey-Highland,2013,287
Poncey-Highland,2014,203
Poncey-Highland,2015,209
Poncey-Highland,2016,217
Poncey-Highland,2017,182
Poncey-Highland,2018,161
Poncey-Highland,2019,231
Poncey-Highland,2020,155
Poncey-Highland,2021,156
Poncey-Highland,2022,40
Princeton Lakes,2009,324
Princeton Lakes,2010,248
Princeton Lakes,2011,247
Princeton Lakes,2012,341
Princeton Lakes,2013,312
Princeton Lakes,2014,275
Princeton Lakes,2015,305
Princeton Lakes,2016,304
Princeton Lakes,2017,381
Princeton Lakes,2018,261
Princeton Lakes,2019,197
Princeton Lakes,2020,118
Princeton Lakes,2021,124
Princeton Lakes,2022,41
Randall Mill,2009,25
Randall Mill,2010,17
Randall Mill,2011,16
Randall Mill,2012,18
Randall Mill,2013,27
Randall Mill,2014,28
Randall Mill,2015,21
Randall Mill,2016,29
Randall Mill,2017,34
Randall Mill,2018,34
Randall Mill,2019,28
Randall Mill,2020,51
Randall Mill,2021,15
Randall Mill,2022,3
Rebel Valley Forest,2009,44
Rebel Valley Forest,2010,29
Rebel Valley Forest,2011,21
Rebel Valley Forest,2012,34
Rebel Valley Forest,2013,29
Rebel Valley Forest,2014,23
Rebel Valley Forest,2015,16
Rebel Valley Forest,2016,32
Rebel Valley Forest,2017,41
Rebel Valley Forest,2018,33
Rebel Valley Forest,2019,28
Rebel Valley Forest,2020,16
Rebel Valley Forest,2021,13
Rebel Valley Forest,2022,6
Regency Trace,2009,6
Regency Trace,2010,2
Regency Trace,2011,2
Regency Trace,2012,2
Regency Trace,2013,2
Regency Trace,2015,3
Regency Trace,2016,2
Regency Trace,2019,1
Regency Trace,2020,1
Reynoldstown,2009,221
Reynoldstown,2010,188
Reynoldstown,2011,156
Reynoldstown,2012,159
Reynoldstown,2013,192
Reynoldstown,2014,121
Reynoldstown,2015,125
Reynoldstown,2016,125
Reynoldstown,2017,114
Reynoldstown,2018,139
Reynoldstown,2019,161
Reynoldstown,2020,188
Reynoldstown,2021,199
Reynoldstown,2022,36
Ridgecrest Forest,2009,14
Ridgecrest Forest,2010,8
Ridgecrest Forest,2011,16
Ridgecrest Forest,2012,20
Ridgecrest Forest,2013,9
Ridgecrest Forest,2014,6
Ridgecrest Forest,2015,14
Ridgecrest Forest,2016,11
Ridgecrest Forest,2017,9
Ridgecrest Forest,2018,6
Ridgecrest Forest,2019,3
Ridgecrest Forest,2020,11
Ridgedale Park,2009,12
Ridgedale Park,2010,25
Ridgedale Park,2011,21
Ridgedale Park,2012,11
Ridgedale Park,2013,11
Ridgedale Park,2014,16
Ridgedale Park,2015,24
Ridgedale Park,2016,30
Ridgedale Park,2017,29
Ridgedale Park,2018,12
Ridgedale Park,2019,21
Ridgedale Park,2020,25
Ridgedale Park,2021,13
Ridgedale Park,2022,2
Ridgewood Heights,2009,24
Ridgewood Heights,2010,12
Ridgewood Heights,2011,14
Ridgewood Heights,2012,11
Ridgewood Heights,2013,8
Ridgewood Heights,2014,11
Ridgewood Heights,2015,5
Ridgewood Heights,2016,14
Ridgewood Heights,2017,15
Ridgewood Heights,2018,5
Ridgewood Heights,2019,8
Ridgewood Heights,2020,7
Ridgewood Heights,2021,9
Riverside,2009,85
Riverside,2010,104
Riverside,2011,67
Riverside,2012,70
Riverside,2013,58
Riverside,2014,102
Riverside,2015,95
Riverside,2016,180
Riverside,2017,137
Riverside,2018,106
Riverside,2019,64
Riverside,2020,84
Riverside,2021,75
Riverside,2022,17
Rockdale,2009,34
Rockdale,2010,38
Rockdale,2011,16
Rockdale,2012,28
Rockdale,2013,41
Rockdale,2014,31
Rockdale,2015,46
Rockdale,2016,35
Rockdale,2017,50
Rockdale,2018,27
Rockdale,2019,22
Rockdale,2020,26
Rockdale,2021,30
Rockdale,2022,10
Rosedale Heights,2009,112
Rosedale Heights,2010,80
Rosedale Heights,2011,114
Rosedale Heights,2012,99
Rosedale Heights,2013,73
Rosedale Heights,2014,76
Rosedale Heights,2015,100
Rosedale Heights,2016,68
Rosedale Heights,2017,47
Rosedale Heights,2018,34
Rosedale Heights,2019,41
Rosedale Heights,2020,45
Rosedale Heights,2021,39
Rosedale Heights,2022,7
Rue Royal,2009,7
Rue Royal,2010,8
Rue Royal,2011,11
Rue Royal,2012,17
Rue Royal,2013,9
Rue Royal,2014,4
Rue Royal,2015,4
Rue Royal,2016,5
Rue Royal,2017,2
Rue Royal,2019,3
Rue Royal,2020,5
Rue Royal,2021,1
Sandlewood Estates,2009,25
Sandlewood Estates,2010,16
Sandlewood Estates,2011,17
Sandlewood Estates,2012,20
Sandlewood Estates,2013,17
Sandlewood Estates,2014,17
Sandlewood Estates,2015,14
Sandlewood Estates,2016,15
Sandlewood Estates,2017,16
Sandlewood Estates,2018,8
Sandlewood Estates,2019,6
Sandlewood Estates,2020,6
Sandlewood Estates,2021,1
Scotts Crossing,2009,104
Scotts Crossing,2010,124
Scotts Crossing,2011,101
Scotts Crossing,2012,115
Scotts Crossing,2013,84
Scotts Crossing,2014,87
Scotts Crossing,2015,100
Scotts Crossing,2016,55
Scotts Crossing,2017,64
Scotts Crossing,2018,44
Scotts Crossing,2019,58
Scotts Crossing,2020,45
Scotts Crossing,2021,52
Scotts Crossing,2022,9
Sherwood Forest,2009,7
Sherwood Forest,2010,4
Sherwood Forest,2011,11
Sherwood Forest,2012,2
Sherwood Forest,2013,10
Sherwood Forest,2014,10
Sherwood Forest,2015,4
Sherwood Forest,2016,8
Sherwood Forest,2017,5
Sherwood Forest,2018,2
Sherwood Forest,2019,2
Sherwood Forest,2020,3
Sherwood Forest,2021,4
Sherwood Forest,2022,1
South Atlanta,2009,200
South Atlanta,2010,218
South Atlanta,2011,208
South Atlanta,2012,164
South Atlanta,2013,175
South Atlanta,2014,200
South Atlanta,2015,155
South Atlanta,2016,133
South Atlanta,2017,118
South Atlanta,2018,75
South Atlanta,2019,102
South Atlanta,2020,72
South Atlanta,2021,81
South Atlanta,2022,17
South River Gardens,2009,280
South River Gardens,2010,294
South River Gardens,2011,273
South River Gardens,2012,287
South River Gardens,2013,233
South River Gardens,2014,187
South River Gardens,2015,225
South River Gardens,2016,182
South River Gardens,2017,171
South River Gardens,2018,153
South River Gardens,2019,120
South River Gardens,2020,124
South River Gardens,2021,120
South River Gardens,2022,28
South Tuxedo Park,2009,63
South Tuxedo Park,2010,75
South Tuxedo Park,2011,85
South Tuxedo Park,2012,83
South Tuxedo Park,2013,94
South Tuxedo Park,2014,91
South Tuxedo Park,2015,89
South Tuxedo Park,2016,101
South Tuxedo Park,2017,124
South Tuxedo Park,2018,95
South Tuxedo Park,2019,118
South Tuxedo Park,2020,140
South Tuxedo Park,2021,132
South Tuxedo Park,2022,28
Southwest,2009,338
Southwest,2010,354
Southwest,2011,358
Southwest,2012,316
Southwest,2013,365
Southwest,2014,395
Southwest,2015,334
Southwest,2016,316
Southwest,2017,210
Southwest,2018,232
Southwest,2019,223
Southwest,2020,195
Southwest,2021,130
Southwest,2022,24
Springlake,2009,13
Springlake,2010,17
Springlake,2011,5
Springlake,2012,13
Springlake,2013,14
Springlake,2014,9
Springlake,2015,24
Springlake,2016,27
Springlake,2017,14
Springlake,2018,12
Springlake,2019,5
Springlake,2020,21
Springlake,2021,19
Springlake,2022,1
State Facility,2009,2
State Facility,2010,1
State Facility,2012,1
State Facility,2014,1
State Facility,2020,1
State Facility,2021,2
Summerhill,2009,307
Summerhill,2010,277
Summerhill,2011,264
Summerhill,2012,229
Summerhill,2013,247
Summerhill,2014,230
Summerhill,2015,169
Summerhill,2016,167
Summerhill,2017,151
Summerhill,2018,136
Summerhill,2019,128
Summerhill,2020,106
Summerhill,2021,137
Summerhill,2022,37
Swallow Circle/Baywood,2009,25
Swallow Circle/Baywood,2010,41
Swallow Circle/Baywood,2011,44
Swallow Circle/Baywood,2012,39
Swallow Circle/Baywood,2013,22
Swallow Circle/Baywood,2014,23
Swallow Circle/Baywood,2015,24
Swallow Circle/Baywood,2016,19
Swallow Circle/Baywood,2017,13
Swallow Circle/Baywood,2018,30
Swallow Circle/Baywood,2019,19
Swallow Circle/Baywood,2020,16
Swallow Circle/Baywood,2021,8
Swallow Circle/Baywood,2022,3
Sweet Auburn,2009,215
Sweet Auburn,2010,291
Sweet Auburn,2011,354
Sweet Auburn,2012,294
Sweet Auburn,2013,271
Sweet Auburn,2014,331
Sweet Auburn,2015,382
Sweet Auburn,2016,303
Sweet Auburn,2017,249
Sweet Auburn,2018,246
Sweet Auburn,2019,307
Sweet Auburn,2020,307
Sweet Auburn,2021,343
Sweet Auburn,2022,72
Sylvan Hills,2009,573
Sylvan Hills,2010,576
Sylvan Hills,2011,628
Sylvan Hills,2012,558
Sylvan Hills,2013,523
Sylvan Hills,2014,497
Sylvan Hills,2015,519
Sylvan Hills,2016,500
Sylvan Hills,2017,375
Sylvan Hills,2018,360
Sylvan Hills,2019,334
Sylvan Hills,2020,252
Sylvan Hills,2021,221
Sylvan Hills,2022,58
Tampa Park,2009,2
Tampa Park,2010,3
Tampa Park,2011,4
Tampa Park,2012,2
Tampa Park,2013,4
Tampa Park,2014,7
Tampa Park,2015,2
Tampa Park,2016,5
Tampa Park,2017,4
Tampa Park,2018,2
Tampa Park,2019,5
Tampa Park,2020,1
Tampa Park,2021,2
Tampa Park,2022,1
The Villages at Carver,2009,202
The Villages at Carver,2010,179
The Villages at Carver,2011,147
The Villages at Carver,2012,139
The Villages at Carver,2013,168
The Villages at Carver,2014,165
The Villages at Carver,2015,163
The Villages at Carver,2016,142
The Villages at Carver,2017,112
The Villages at Carver,2018,107
The Villages at Carver,2019,103
The Villages at Carver,2020,95
The Villages at Carver,2021,59
The Villages at Carver,2022,14
The Villages at Castleberry Hill,2009,175
The Villages at Castleberry Hill,2010,131
The Villages at Castleberry Hill,2011,200
The Villages at Castleberry Hill,2012,125
The Villages at Castleberry Hill,2013,111
The Villages at Castleberry Hill,2014,107
The Villages at Castleberry Hill,2015,91
The Villages at Castleberry Hill,2016,83
The Villages at Castleberry Hill,2017,59
The Villages at Castleberry Hill,2018,32
The Villages at Castleberry Hill,2019,45
The Villages at Castleberry Hill,2020,41
The Villages at Castleberry Hill,2021,42
The Villages at Castleberry Hill,2022,14
The Villages at East Lake,2009,117
The Villages at East Lake,2010,102
The Villages at East Lake,2011,76
The Villages at East Lake,2012,123
The Villages at East Lake,2013,117
The Villages at East Lake,2014,71
The Villages at East Lake,2015,65
The Villages at East Lake,2016,90
The Villages at East Lake,2017,52
The Villages at East Lake,2018,32
The Villages at East Lake,2019,46
The Villages at East Lake,2020,16
The Villages at East Lake,2021,22
The Villages at East Lake,2022,10
Thomasville Heights,2009,291
Thomasville Heights,2010,188
Thomasville Heights,2011,349
Thomasville Heights,2012,225
Thomasville Heights,2013,165
Thomasville Heights,2014,205
Thomasville Heights,2015,168
Thomasville Heights,2016,167
Thomasville Heights,2017,115
Thomasville Heights,2018,127
Thomasville Heights,2019,140
Thomasville Heights,2020,97
Thomasville Heights,2021,73
Thomasville Heights,2022,17
Tuxedo Park,2009,21
Tuxedo Park,2010,34
Tuxedo Park,2011,28
Tuxedo Park,2012,24
Tuxedo Park,2013,28
Tuxedo Park,2014,14
Tuxedo Park,2015,22
Tuxedo Park,2016,21
Tuxedo Park,2017,15
Tuxedo Park,2018,18
Tuxedo Park,2019,16
Tuxedo Park,2020,28
Tuxedo Park,2021,27
Tuxedo Park,2022,5
Underwood Hills,2009,154
Underwood Hills,2010,117
Underwood Hills,2011,152
Underwood Hills,2012,174
Underwood Hills,2013,154
Underwood Hills,2014,191
Underwood Hills,2015,235
Underwood Hills,2016,219
Underwood Hills,2017,273
Underwood Hills,2018,262
Underwood Hills,2019,226
Underwood Hills,2020,214
Underwood Hills,2021,216
Underwood Hills,2022,50
Venetian Hills,2009,313
Venetian Hills,2010,284
Venetian Hills,2011,268
Venetian Hills,2012,271
Venetian Hills,2013,235
Venetian Hills,2014,229
Venetian Hills,2015,232
Venetian Hills,2016,238
Venetian Hills,2017,216
Venetian Hills,2018,184
Venetian Hills,2019,193
Venetian Hills,2020,142
Venetian Hills,2021,109
Venetian Hills,2022,29
Vine City,2009,524
Vine City,2010,423
Vine City,2011,376
Vine City,2012,448
Vine City,2013,534
Vine City,2014,638
Vine City,2015,658
Vine City,2016,595
Vine City,2017,359
Vine City,2018,506
Vine City,2019,441
Vine City,2020,317
Vine City,2021,294
Vine City,2022,67
Virginia Highland,2009,623
Virginia Highland,2010,365
Virginia Highland,2011,294
Virginia Highland,2012,347
Virginia Highland,2013,383
Virginia Highland,2014,329
Virginia Highland,2015,310
Virginia Highland,2016,310
Virginia Highland,2017,247
Virginia Highland,2018,241
Virginia Highland,2019,329
Virginia Highland,2020,208
Virginia Highland,2021,294
Virginia Highland,2022,89
Washington Park,2009,180
Washington Park,2010,118
Washington Park,2011,131
Washington Park,2012,147
Washington Park,2013,128
Washington Park,2014,85
Washington Park,2015,121
Washington Park,2016,115
Washington Park,2017,93
Washington Park,2018,98
Washington Park,2019,68
Washington Park,2020,70
Washington Park,2021,48
Washington Park,2022,9
Wesley Battle,2009,11
Wesley Battle,2010,8
Wesley Battle,2011,13
Wesley Battle,2012,6
Wesley Battle,2013,6
Wesley Battle,2014,1
Wesley Battle,2015,6
Wesley Battle,2016,13
Wesley Battle,2017,7
Wesley Battle,2018,7
Wesley Battle,2019,7
Wesley Battle,2020,1
Wesley Battle,2021,4
West End,2009,856
West End,2010,1028
West End,2011,955
West End,2012,837
West End,2013,905
West End,2014,814
West End,2015,798
West End,2016,681
West End,2017,573
West End,2018,536
West End,2019,508
West End,2020,402
West End,2021,486
West End,2022,92
West Highlands,2009,85
West Highlands,2010,73
West Highlands,2011,54
West Highlands,2012,66
West Highlands,2013,41
West Highlands,2014,50
West Highlands,2015,64
West Highlands,2016,66
West Highlands,2017,95
West Highlands,2018,53
West Highlands,2019,58
West Highlands,2020,38
West Highlands,2021,40
West Highlands,2022,7
West Lake,2009,106
West Lake,2010,95
West Lake,2011,79
West Lake,2012,114
West Lake,2013,78
West Lake,2014,67
West Lake,2015,52
West Lake,2016,56
West Lake,2017,60
West Lake,2018,57
West Lake,2019,47
West Lake,2020,47
West Lake,2021,35
West Lake,2022,6
West Manor,2009,22
West Manor,2010,16
West Manor,2011,13
West Manor,2012,20
West Manor,2013,37
West Manor,2014,20
West Manor,2015,24
West Manor,2016,14
West Manor,2017,22
West Manor,2018,10
West Manor,2019,5
West Manor,2020,15
West Manor,2021,8
West Paces Ferry/Northside,2009,59
West Paces Ferry/Northside,2010,39
West Paces Ferry/Northside,2011,32
West Paces Ferry/Northside,2012,47
West Paces Ferry/Northside,2013,54
West Paces Ferry/Northside,2014,38
West Paces Ferry/Northside,2015,42
West Paces Ferry/Northside,2016,44
West Paces Ferry/Northside,2017,37
West Paces Ferry/Northside,2018,45
West Paces Ferry/Northside,2019,48
West Paces Ferry/Northside,2020,27
West Paces Ferry/Northside,2021,20
West Paces Ferry/Northside,2022,3
Westhaven,2009,46
Westhaven,2010,51
Westhaven,2011,39
Westhaven,2012,33
Westhaven,2013,41
Westhaven,2014,22
Westhaven,2015,29
Westhaven,2016,39
Westhaven,2017,22
Westhaven,2018,37
Westhaven,2019,15
Westhaven,2020,15
Westhaven,2021,14
Westhaven,2022,4
Westminster/Milmar,2009,10
Westminster/Milmar,2010,6
Westminster/Milmar,2011,8
Westminster/Milmar,2012,6
Westminster/Milmar,2013,5
Westminster/Milmar,2014,6
Westminster/Milmar,2015,4
Westminster/Milmar,2016,9
Westminster/Milmar,2017,6
Westminster/Milmar,2018,2
Westminster/Milmar,2019,4
Westminster/Milmar,2020,6
Westminster/Milmar,2021,2
Westminster/Milmar,2022,1
Westover Plantation,2009,10
Westover Plantation,2010,7
Westover Plantation,2011,4
Westover Plantation,2012,6
Westover Plantation,2013,4
Westover Plantation,2014,5
Westover Plantation,2015,1
Westover Plantation,2016,2
Westover Plantation,2017,3
Westover Plantation,2018,1
Westover Plantation,2019,5
Westover Plantation,2020,4
Westover Plantation,2021,3
Westview,2009,277
Westview,2010,290
Westview,2011,281
Westview,2012,254
Westview,2013,246
Westview,2014,211
Westview,2015,245
Westview,2016,229
Westview,2017,174
Westview,2018,163
Westview,2019,217
Westview,2020,102
Westview,2021,123
Westview,2022,23
Westwood Terrace,2009,63
Westwood Terrace,2010,53
Westwood Terrace,2011,54
Westwood Terrace,2012,30
Westwood Terrace,2013,34
Westwood Terrace,2014,35
Westwood Terrace,2015,35
Westwood Terrace,2016,37
Westwood Terrace,2017,22
Westwood Terrace,2018,22
Westwood Terrace,2019,26
Westwood Terrace,2020,21
Westwood Terrace,2021,14
Westwood Terrace,2022,2
Whitewater Creek,2009,5
Whitewater Creek,2010,8
Whitewater Creek,2011,2
Whitewater Creek,2012,2
Whitewater Creek,2013,6
Whitewater Creek,2014,3
Whitewater Creek,2015,8
Whitewater Creek,2016,7
Whitewater Creek,2017,9
Whitewater Creek,2018,7
Whitewater Creek,2019,3
Whitewater Creek,2020,8
Whitewater Creek,2021,5
Whittier Mill Village,2009,23
Whittier Mill Village,2010,16
Whittier Mill Village,2011,10
Whittier Mill Village,2012,28
Whittier Mill Village,2013,27
Whittier Mill Village,2014,20
Whittier Mill Village,2015,32
Whittier Mill Village,2016,38
Whittier Mill Village,2017,57
Whittier Mill Village,2018,34
Whittier Mill Village,2019,20
Whittier Mill Village,2020,17
Whittier Mill Village,2021,12
Whittier Mill Village,2022,2
Wildwood (NPU-C),2009,71
Wildwood (NPU-C),2010,48
Wildwood (NPU-C),2011,59
Wildwood (NPU-C),2012,56
Wildwood (NPU-C),2013,67
Wildwood (NPU-C),2014,57
Wildwood (NPU-C),2015,62
Wildwood (NPU-C),2016,81
Wildwood (NPU-C),2017,86
Wildwood (NPU-C),2018,118
Wildwood (NPU-C),2019,122
Wildwood (NPU-C),2020,111
Wildwood (NPU-C),2021,107
Wildwood (NPU-C),2022,29
Wildwood (NPU-H),2009,55
Wildwood (NPU-H),2010,41
Wildwood (NPU-H),2011,36
Wildwood (NPU-H),2012,23
Wildwood (NPU-H),2013,25
Wildwood (NPU-H),2014,23
Wildwood (NPU-H),2015,36
Wildwood (NPU-H),2016,28
Wildwood (NPU-H),2017,23
Wildwood (NPU-H),2018,15
Wildwood (NPU-H),2019,13
Wildwood (NPU-H),2020,19
Wildwood (NPU-H),2021,19
Wildwood (NPU-H),2022,3
Wildwood Forest,2009,1
Wildwood Forest,2010,12
Wildwood Forest,2011,5
Wildwood Forest,2012,4
Wildwood Forest,2013,5
Wildwood Forest,2014,5
Wildwood Forest,2015,8
Wildwood Forest,2016,9
Wildwood Forest,2017,4
Wildwood Forest,2018,9
Wildwood Forest,2021,2
Wilson Mill Meadows,2009,65
Wilson Mill Meadows,2010,49
Wilson Mill Meadows,2011,47
Wilson Mill Meadows,2012,43
Wilson Mill Meadows,2013,27
Wilson Mill Meadows,2014,41
Wilson Mill Meadows,2015,17
Wilson Mill Meadows,2016,38
Wilson Mill Meadows,2017,28
Wilson Mill Meadows,2018,19
Wilson Mill Meadows,2019,29
Wilson Mill Meadows,2020,19
Wilson Mill Meadows,2021,13
Wilson Mill Meadows,2022,4
Wisteria Gardens,2009,38
Wisteria Gardens,2010,26
Wisteria Gardens,2011,40
Wisteria Gardens,2012,15
Wisteria Gardens,2013,22
Wisteria Gardens,2014,24
Wisteria Gardens,2015,20
Wisteria Gardens,2016,20
Wisteria Gardens,2017,14
Wisteria Gardens,2018,18
Wisteria Gardens,2019,13
Wisteria Gardens,2020,9
Wisteria Gardens,2021,9
Wisteria Gardens,2022,3
Woodfield,2009,6
Woodfield,2010,4
Woodfield,2011,4
Woodfield,2012,5
Woodfield,2013,4
Woodfield,2014,2
Woodfield,2015,4
Woodfield,2016,5
Woodfield,2017,2
Woodfield,2018,3
Woodfield,2019,4
Woodfield,2020,4
Woodland Hills,2009,67
Woodland Hills,2010,48
Woodland Hills,2011,60
Woodland Hills,2012,40
Woodland Hills,2013,50
Woodland Hills,2014,34
Woodland Hills,2015,41
Woodland Hills,2016,48
Woodland Hills,2017,51
Woodland Hills,2018,25
Woodland Hills,2019,28
Woodland Hills,2020,26
Woodland Hills,2021,28
Woodland Hills,2022,7
Wyngate,2009,16
Wyngate,2010,14
Wyngate,2011,23
Wyngate,2012,18
Wyngate,2013,16
Wyngate,2014,19
Wyngate,2015,8
Wyngate,2016,5
Wyngate,2017,7
Wyngate,2018,5
Wyngate,2019,4
Wyngate,2020,6
Wyngate,2021,2
Wyngate,2022,1
